disease,species,module_id,human_gene,ortholog_in_network,degree_in_target
AD,mouse,0,MRPL3,Mrpl3,1
AD,mouse,0,PLRG1,Plrg1,1
AD,mouse,0,ITGB3,Itgb3,2
AD,mouse,0,PRICKLE2,Prickle2,1
AD,mouse,0,TRIP6,Trip6,1
AD,mouse,0,PNKD,Pnkd,1
AD,mouse,0,SIGMAR1,Sigmar1,1
AD,mouse,0,ACADL,Acadl,1
AD,mouse,0,PIKFYVE,Pikfyve,1
AD,mouse,0,GABARAPL2,Gabarapl2,1
AD,mouse,0,APBB3,Apbb3,1
AD,mouse,0,APP,App,179
AD,mouse,0,AK1,Ak1,1
AD,mouse,0,ZC2HC1A,Zc2hc1a,2
AD,mouse,0,RPS18,Rps18,1
AD,mouse,0,FAM117B,Fam117b,1
AD,mouse,0,OPA1,Opa1,1
AD,mouse,0,FBXL2,Fbxl2,1
AD,mouse,0,FGF12,Fgf12,1
AD,mouse,0,FILIP1,Filip1,1
AD,mouse,0,MRPL24,Mrpl24,1
AD,mouse,0,MTFMT,Mtfmt,1
AD,mouse,0,HAUS6,Haus6,1
AD,mouse,0,PLP1,Plp1,2
AD,mouse,0,PHACTR4,Phactr4,2
AD,mouse,0,CPEB1,Cpeb1,1
AD,mouse,0,ALB,Alb,5
AD,mouse,0,SYNCRIP,Syncrip,2
AD,mouse,0,GAPDHS,Gapdhs,7
AD,mouse,0,TAF6,Taf6,1
AD,mouse,0,IFIT3,Ifit3,1
AD,mouse,0,UBA5,Uba5,2
AD,mouse,0,NAE1,Nae1,1
AD,mouse,0,MAFF,Maff,1
AD,mouse,0,CRIP2,Crip2,1
AD,mouse,0,COL25A1,Col25a1,1
AD,mouse,1,SMG9,Smg9,1
AD,mouse,1,GNAI1,Gnai1,1
AD,mouse,1,FAM114A2,Fam114a2,1
AD,mouse,1,PEX19,Pex19,1
AD,mouse,1,CAMK1,Camk1,1
AD,mouse,1,CKAP5,Ckap5,1
AD,mouse,1,GNAZ,Gnaz,1
AD,mouse,1,EPHA1,Epha1,1
AD,mouse,1,KIF14,Kif14,1
AD,mouse,1,SMG8,Smg8,1
AD,mouse,1,NUCB1,Nucb1,1
AD,mouse,1,BCL2L11,Bcl2l11,1
AD,mouse,1,EIF2B5,Eif2b5,1
AD,mouse,2,GGA2,Gga2,1
AD,mouse,2,CANX,Canx,9
AD,mouse,2,CAMSAP3,Camsap3,2
AD,mouse,2,TBC1D4,Tbc1d4,1
AD,mouse,2,ECE1,Ece1,3
AD,mouse,2,HSPA5,Hspa5,6
AD,mouse,2,CLTA,Clta,3
AD,mouse,2,HMOX1,Hmox1,6
AD,mouse,2,ADAM10,Adam10,202
AD,mouse,2,SYP,Syp,3
AD,mouse,2,NCF2,Ncf2,4
AD,mouse,2,LINGO1,Lingo1,1
AD,mouse,2,NBN,Nbn,1
AD,mouse,2,CTSD,Ctsd,11
AD,mouse,2,TSPAN15,Tspan15,1
AD,mouse,2,APBB1,Apbb1,12
AD,mouse,2,GRHPR,Grhpr,1
AD,mouse,2,FKBP15,Fkbp15,1
AD,mouse,2,PGRMC2,Pgrmc2,1
AD,mouse,2,FANCC,Fancc,1
AD,mouse,2,PGRMC1,Pgrmc1,13
AD,mouse,2,SNAP91,Snap91,3
AD,mouse,2,GGA1,Gga1,2
AD,mouse,2,LRPAP1,Lrpap1,10
AD,mouse,2,ADAMTS1,Adamts1,3
AD,mouse,2,FLOT1,Flot1,3
AD,mouse,2,ATM,Atm,1
AD,mouse,2,RAC1,Rac1,1
AD,mouse,2,PIK3C2A,Pik3c2a,1
AD,mouse,2,RAPGEF2,Rapgef2,1
AD,mouse,2,MAP2K7,Map2k7,1
AD,mouse,2,GAK,Gak,2
AD,mouse,2,HERC2,Herc2,1
AD,mouse,2,GSTP1,"Gstp1, Gstp2",15
AD,mouse,2,AP2B1,Ap2b1,4
AD,mouse,2,DHCR24,Dhcr24,2
AD,mouse,2,NCF1,Ncf1,1
AD,mouse,2,GTSE1,Gtse1,1
AD,mouse,2,CLTC,Cltc,6
AD,mouse,2,GNAI2,Gnai2,1
AD,mouse,2,RPN1,Rpn1,1
AD,mouse,2,HUWE1,Huwe1,5
AD,mouse,2,MAPK8,Mapk8,5
AD,mouse,2,VAPA,Vapa,1
AD,mouse,2,LMNA,Lmna,1
AD,mouse,2,ARF6,Arf6,1
AD,mouse,2,Rnf157,Rnf157,1
AD,mouse,2,WDR41,Wdr41,1
AD,mouse,2,WWOX,Wwox,7
AD,mouse,2,PRDX6,Prdx6,3
AD,mouse,2,TBC1D2B,Tbc1d2b,1
AD,mouse,2,STAMBPL1,Stambpl1,1
AD,mouse,2,KAT5,Kat5,1
AD,mouse,2,ELMO1,Elmo1,1
AD,mouse,2,SIAH2,Siah2,2
AD,mouse,2,MAPK8IP2,Mapk8ip2,2
AD,mouse,2,SCAMP3,Scamp3,3
AD,mouse,2,SERPINE2,Serpine2,8
AD,mouse,2,DHCR7,Dhcr7,3
AD,mouse,2,CTSS,Ctss,1
AD,mouse,2,EGFR,Egfr,3
AD,mouse,2,HMGCR,Hmgcr,3
AD,mouse,2,APBB2,Apbb2,8
AD,mouse,2,RAB5C,Rab5c,1
AD,mouse,2,IGF2R,Igf2r,12
AD,mouse,2,TFCP2,Tfcp2,1
AD,mouse,2,LRP8,Lrp8,15
AD,mouse,2,AP2M1,Ap2m1,3
AD,mouse,2,SF3A1,Sf3a1,2
AD,mouse,2,APBA1,Apba1,1
AD,mouse,2,CLTB,Cltb,3
AD,mouse,2,ATP6V0D1,Atp6v0d1,3
AD,mouse,2,CDC42,Cdc42,2
AD,mouse,2,PICALM,Picalm,13
AD,mouse,2,PABPC1,Pabpc2,1
AD,mouse,2,ROCK2,Rock2,4
AD,mouse,2,HRAS,Hras,2
AD,mouse,2,RALBP1,Ralbp1,1
AD,mouse,2,UCHL5,Uchl5,3
AD,mouse,2,EPS15,Eps15,2
AD,mouse,2,NEDD4L,Nedd4l,1
AD,mouse,2,PRKACA,Prkaca,2
AD,mouse,2,MAPK8IP1,Mapk8ip1,3
AD,mouse,2,DPP4,Dpp4,2
AD,mouse,2,CLINT1,Clint1,2
AD,mouse,2,LDHB,Ldhb,2
AD,mouse,2,RAP1GDS1,Rap1gds1,1
AD,mouse,2,PLA2G4A,Pla2g4a,1
AD,mouse,2,VAPB,Vapb,2
AD,mouse,2,POR,Por,1
AD,mouse,2,DVL1,Dvl1,2
AD,mouse,2,APLP2,Aplp2,3
AD,mouse,2,SLC12A2,Slc12a2,2
AD,mouse,2,SLC30A6,Slc30a6,2
AD,mouse,2,NUDT21,Nudt21,1
AD,mouse,2,SMAD3,Smad3,1
AD,mouse,3,RANBP1,Ranbp1,1
AD,mouse,3,PCBP1,Pcbp1,3
AD,mouse,3,GSPT1,Gspt1,2
AD,mouse,3,TTC1,Ttc1,1
AD,mouse,3,NUP98,Nup98,1
AD,mouse,3,HSPH1,Hsph1,2
AD,mouse,3,PIK3C3,Pik3c3,1
AD,mouse,3,CDV3,Cdv3,1
AD,mouse,3,LYPLA2,Lypla2,1
AD,mouse,3,DNAJB6,Dnajb6,1
AD,mouse,3,EFHD2,Efhd2,3
AD,mouse,3,PSMD14,Psmd14,2
AD,mouse,3,VBP1,Vbp1,2
AD,mouse,3,MAP2K2,Map2k2,1
AD,mouse,3,WNK1,Wnk1,1
AD,mouse,3,TAGLN,Tagln,1
AD,mouse,3,TOMM34,Tomm34,1
AD,mouse,3,DSP,Dsp,1
AD,mouse,3,UBAP2,Ubap2,1
AD,mouse,3,PDLIM5,Pdlim5,1
AD,mouse,3,LGALS1,Lgals1,1
AD,mouse,3,SH2D1B,Sh2d1b2,1
AD,mouse,3,PSME3,Psme3,2
AD,mouse,3,PCCA,Pcca,1
AD,mouse,3,ACACA,Acaca,1
AD,mouse,3,DNAJA4,Dnaja4,1
AD,mouse,3,UBR1,Ubr1,1
AD,mouse,3,DNAJB4,Dnajb4,1
AD,mouse,3,RBX1,Rbx1,1
AD,mouse,3,LASP1,Lasp1,1
AD,mouse,3,TUFM,Tufm,1
AD,mouse,3,SLK,Slk,1
AD,mouse,3,COPS6,Cops6,1
AD,mouse,3,SMAP1,Smap1,1
AD,mouse,3,PC,Pcx,1
AD,mouse,3,ADRM1,Adrm1,1
AD,mouse,3,SPAG1,Spag1,1
AD,mouse,3,RC3H1,Rc3h1,1
AD,mouse,3,MVP,Mvp,1
AD,mouse,3,HSPA1L,Hspa1l,2
AD,mouse,3,ECE2,Ece2,5
AD,mouse,3,EDRF1,Edrf1,1
AD,mouse,3,PTPN23,Ptpn23,2
AD,mouse,3,MTAP,Mtap,1
AD,mouse,3,PPP1R12A,Ppp1r12a,1
AD,mouse,3,HSPA1A,"Hspa1a, Hspa1b",47
AD,mouse,3,KIAA1671,2900026A02Rik,1
AD,mouse,3,PDAP1,Pdap1,2
AD,mouse,3,NACA,Naca,1
AD,mouse,3,KDM1A,Kdm1a,3
AD,mouse,3,CTTNBP2NL,Cttnbp2nl,1
AD,mouse,4,TRIM3,Trim3,1
AD,mouse,4,DPYSL2,Dpysl2,148
AD,mouse,4,RUVBL1,Ruvbl1,2
AD,mouse,4,Dctn2,Dctn2,3
AD,mouse,4,VSNL1,Vsnl1,5
AD,mouse,4,ENSA,Ensa,1
AD,mouse,4,MTM1,Mtm1,1
AD,mouse,4,SLC6A3,Slc6a3,1
AD,mouse,4,PRSS1,Try10,1
AD,mouse,4,DPYSL4,Dpysl4,1
AD,mouse,4,AP2A1,Ap2a1,6
AD,mouse,4,SLC6A4,Slc6a4,3
AD,mouse,4,ARSA,Arsa,1
AD,mouse,4,CRMP1,Crmp1,1
AD,mouse,4,PRDX2,Prdx2,5
AD,mouse,4,Ndufb6,Ndufb6,1
AD,mouse,4,DNAJB1,Dnajb1,2
AD,mouse,4,SCYL1,Scyl1,1
AD,mouse,4,PDK1,Pdk1,1
AD,mouse,4,ITCH,Itch,2
AD,mouse,4,FASN,Fasn,1
AD,mouse,4,BDH2,Bdh2,1
AD,mouse,4,PCLO,Pclo,1
AD,mouse,4,GSTO1,Gsto1,7
AD,mouse,4,NUDT9,Nudt9,1
AD,mouse,4,Atp6v0a1,Atp6v0a1,4
AD,mouse,4,TUBB,Tubb5,2
AD,mouse,4,POLR2M,Polr2m,1
AD,mouse,4,Basp1,Basp1,1
AD,mouse,4,CUL4A,Cul4a,3
AD,mouse,4,E2F1,E2f1,3
AD,mouse,4,BAG3,Bag3,5
AD,mouse,4,Gnao1,Gnao1,7
AD,mouse,4,UBE2O,Ube2o,2
AD,mouse,4,ATAD1,Atad1,3
AD,mouse,4,IL1A,Il1a,1
AD,mouse,4,Ap1b1,Ap1b1,1
AD,mouse,4,Tmod2,Tmod2,1
AD,mouse,4,TNFAIP3,Tnfaip3,2
AD,mouse,4,CUL3,Cul3,2
AD,mouse,4,CALU,Calu,2
AD,mouse,4,VAMP2,Vamp2,4
AD,mouse,4,PSMC3,Psmc3,1
AD,mouse,4,MYH9,Myh9,2
AD,mouse,4,RIN3,Rin3,1
AD,mouse,4,FXR1,Fxr1,3
AD,mouse,4,DDX17,Ddx17,1
AD,mouse,4,NDN,Ndn,3
AD,mouse,4,SHANK3,Shank3,11
AD,mouse,4,SPG21,Spg21,1
AD,mouse,4,GLB1,Glb1,3
AD,mouse,4,CLIP1,Clip1,1
AD,mouse,4,NUMB,Numb,2
AD,mouse,4,DPYSL3,Dpysl3,4
AD,mouse,4,SUCLG2,Suclg2,1
AD,mouse,4,DPP9,Dpp9,1
AD,mouse,4,SNX4,Snx4,1
AD,mouse,4,SNCA,Snca,48
AD,mouse,4,AMPH,Amph,2
AD,mouse,4,SYN1,Syn1,6
AD,mouse,4,TPPP,Tppp,3
AD,mouse,4,HNRNPL,Hnrnpl,2
AD,mouse,4,NBR1,Nbr1,2
AD,mouse,4,PREP,Prep,1
AD,mouse,4,BIN1,Bin1,1096
AD,mouse,4,SQSTM1,Sqstm1,4
AD,mouse,4,SNCB,Sncb,2
AD,mouse,4,HK1,Hk1,1
AD,mouse,4,DPYSL5,Dpysl5,2
AD,mouse,4,MT3,Mt3,7
AD,mouse,4,ACTB,Actb,8
AD,mouse,4,CHMP4B,Chmp4b,3
AD,mouse,4,FSD1,Fsd1,2
AD,mouse,4,EHBP1L1,Ehbp1l1,1
AD,mouse,4,CAP1,Cap1,1
AD,mouse,4,ARID1B,Arid1b,1
AD,mouse,4,SYNE2,Syne2,1
AD,mouse,4,SPRED2,Spred2,23
AD,mouse,4,EP300,Ep300,5
AD,mouse,5,NT5C1A,Nt5c1a,1
AD,mouse,5,KANK2,Kank2,1
AD,mouse,5,EIF3H,Eif3h,1
AD,mouse,5,TTC28,Ttc28,1
AD,mouse,5,ENAH,Enah,3
AD,mouse,5,ABL2,Abl2,1
AD,mouse,5,MPO,Mpo,2
AD,mouse,5,WAS,Was,1
AD,mouse,5,HNRNPK,Hnrnpk,3
AD,mouse,5,SH3PXD2B,Sh3pxd2b,1
AD,mouse,5,WASF3,Wasf3,1
AD,mouse,5,ITGB2,Itgb2,2
AD,mouse,5,VASP,Vasp,1
AD,mouse,5,TNIK,Tnik,10
AD,mouse,5,SEMA6A,Sema6a,1
AD,mouse,5,WIPF3,Wipf3,1
AD,mouse,5,CYFIP1,Cyfip1,6
AD,mouse,5,RAPH1,Raph1,1
AD,mouse,5,GIT2,Git2,1
AD,mouse,5,WIPF2,Wipf2,1
AD,mouse,5,GIT1,Git1,1
AD,mouse,5,ZBTB7B,Zbtb7b,2
AD,mouse,5,EVL,Evl,2
AD,mouse,5,SHB,Shb,1
AD,mouse,5,CYFIP2,Cyfip2,5
AD,mouse,5,PAK1,Pak1,2
AD,mouse,5,ABI3,Abi3,5
AD,mouse,5,HOMER1,Homer1,5
AD,mouse,5,VARS2,Vars2,1
AD,mouse,5,ARHGEF7,Arhgef7,1
AD,mouse,5,EFNB1,Efnb1,2
AD,mouse,5,BCL11A,Bcl11a,1
AD,mouse,5,WASF1,Wasf1,4
AD,mouse,5,EZR,Ezr,1
AD,mouse,5,NCKAP1,Nckap1,5
AD,mouse,5,NCL,Ncl,2
AD,mouse,5,FLNA,Flna,1
AD,mouse,5,PEAK1,Peak1,1
AD,mouse,5,ABI1,Abi1,4
AD,mouse,5,PAK2,Pak2,1
AD,mouse,5,NCK2,Nck2,21
AD,mouse,6,L1CAM,L1cam,3
AD,mouse,6,CSNK2A1,Csnk2a1,1
AD,mouse,6,RPH3A,Rph3a,2
AD,mouse,6,AGT,Agt,1
AD,mouse,6,DDX5,Ddx5,1
AD,mouse,6,ANXA7,Anxa7,2
AD,mouse,6,CIRBP,Cirbp,1
AD,mouse,6,ATP6V1A,Atp6v1a,5
AD,mouse,6,RAB5A,Rab5a,2
AD,mouse,6,EIF4G2,Eif4g2,2
AD,mouse,6,AURKB,Aurkb,1
AD,mouse,6,LETM1,Letm1,2
AD,mouse,6,PSMD1,Psmd1,2
AD,mouse,6,MAPRE2,Mapre2,1
AD,mouse,6,PACSIN2,Pacsin2,1
AD,mouse,6,TLN1,Tln1,1
AD,mouse,6,AGAP3,Agap3,1
AD,mouse,6,NOS2,Nos2,1
AD,mouse,6,SRGAP2,Srgap2,1
AD,mouse,6,NPTN,Nptn,1
AD,mouse,6,SLC2A1,Slc2a1,1
AD,mouse,6,EPS15L1,Eps15l1,1
AD,mouse,6,ATP2B3,Atp2b3,1
AD,mouse,6,AAK1,Aak1,3
AD,mouse,6,MAG,Mag,2
AD,mouse,6,ATP2B1,Atp2b1,1
AD,mouse,6,CIT,Cit,2
AD,mouse,6,GPS1,Gps1,2
AD,mouse,6,CALM1,Calm1,34
AD,mouse,6,IDH3A,Idh3a,4
AD,mouse,6,AKAP9,Akap9,1
AD,mouse,6,PABPC4,Pabpc4,1
AD,mouse,6,SYNJ1,Synj1,3
AD,mouse,6,TNC,Tnc,1
AD,mouse,6,ISYNA1,Isyna1,2
AD,mouse,6,KCNMA1,Kcnma1,185
AD,mouse,6,ATIC,Atic,2
AD,mouse,6,CAV3,Cav3,1
AD,mouse,6,TRIO,Trio,1
AD,mouse,6,ATP1B1,Atp1b1,4
AD,mouse,6,PLCB1,Plcb1,3
AD,mouse,6,TLN2,Tln2,1
AD,mouse,6,RALA,Rala,1
AD,mouse,6,AGTR1,Agtr1a,3
AD,mouse,6,UBR4,Ubr4,1
AD,mouse,6,TSC2,Tsc2,1
AD,mouse,6,KIF1A,Kif1a,1
AD,mouse,6,PTGS2,Ptgs2,2
AD,mouse,6,TSN,Tsn,2
AD,mouse,6,EIF4A2,Eif4a2,2
AD,mouse,6,ATP2B4,Atp2b4,2
AD,mouse,6,BSN,Bsn,1
AD,mouse,6,SLC4A10,Slc4a10,1
AD,mouse,6,TNPO1,Tnpo1,1
AD,mouse,6,GRM5,Grm5,1
AD,mouse,6,TJP2,Tjp2,1
AD,mouse,6,CAMK2B,Camk2b,3
AD,mouse,6,KCNQ2,Kcnq2,1
AD,mouse,6,ATP1A2,Atp1a2,1
AD,mouse,6,ATP1A3,Atp1a3,3
AD,mouse,6,CEP290,Cep290,2
AD,mouse,6,IDH2,Idh2,3
AD,mouse,6,ANXA6,Anxa6,1
AD,mouse,6,PRNP,Prnp,65
AD,mouse,6,CLIP2,Clip2,2
AD,mouse,6,IDH1,Idh1,1
AD,mouse,6,MAGI1,Magi1,1
AD,mouse,6,PSMC1,Psmc1,2
AD,mouse,6,SNRPA,Snrpa,1
AD,mouse,6,ACE,Ace,3
AD,mouse,6,STIM1,Stim1,1
AD,mouse,6,SCAMP1,Scamp1,1
AD,mouse,6,AHCY,Ahcy,1
AD,mouse,6,GPM6A,Gpm6a,2
AD,mouse,6,AMER2,Amer2,1
AD,mouse,6,GDI1,Gdi1,2
AD,mouse,6,FHL1,Fhl1,2
AD,mouse,6,SRCIN1,Srcin1,3
AD,mouse,6,ACTR1A,Actr1a,4
AD,mouse,6,ALDH5A1,Aldh5a1,1
AD,mouse,6,SORBS1,Sorbs1,4
AD,mouse,6,ALAD,Alad,1
AD,mouse,6,AQP4,Aqp4,1
AD,mouse,6,RAD23B,Rad23b,1
AD,mouse,6,LDHA,Ldha,1
AD,mouse,6,OBSL1,Obsl1,1
AD,mouse,6,TOM1,Tom1,1
AD,mouse,6,ARRB2,Arrb2,3
AD,mouse,6,DAPK1,Dapk1,1
AD,mouse,6,IQCB1,Iqcb1,1
AD,mouse,6,UNC13B,Unc13b,1
AD,mouse,6,PSMD6,Psmd6,2
AD,mouse,6,XRCC5,Xrcc5,1
AD,mouse,6,ARF1,Arf1,1
AD,mouse,6,GPHN,Gphn,2
AD,mouse,6,RLIM,Rlim,1
AD,mouse,6,SGIP1,Sgip1,4
AD,mouse,6,OSTF1,Ostf1,1
AD,mouse,7,DBN1,Dbn1,3
AD,mouse,7,RAB3A,Rab3a,2
AD,mouse,7,CKB,Ckb,2
AD,mouse,7,PRKAR2B,Prkar2b,1
AD,mouse,7,PON3,Pon3,2
AD,mouse,7,PPP2CB,Ppp2cb,2
AD,mouse,7,CTNNA2,Ctnna2,2
AD,mouse,7,CLOCK,Clock,30
AD,mouse,7,CRY2,Cry2,1
AD,mouse,7,KIF5A,Kif5a,1
AD,mouse,7,YWHAB,Ywhab,3
AD,mouse,7,LRSAM1,Lrsam1,1
AD,mouse,7,LPXN,Lpxn,2
AD,mouse,7,CALR,Calr,3
AD,mouse,7,CTNNB1,Ctnnb1,8
AD,mouse,7,PPP2R2B,Ppp2r2b,7
AD,mouse,7,KLC2,Klc2,2
AD,mouse,7,MAPK9,Mapk9,2
AD,mouse,7,PSMC2,Psmc2,1
AD,mouse,7,KIF5B,Kif5b,2
AD,mouse,7,Suds3,Suds3,1
AD,mouse,7,PPP1CC,Ppp1cc,6
AD,mouse,7,PPP1CA,Ppp1ca,6
AD,mouse,7,CDK5R1,Cdk5r1,4
AD,mouse,7,CCDC6,Ccdc6,11
AD,mouse,7,SRGAP3,Srgap3,1
AD,mouse,7,PRKAR2A,Prkar2a,3
AD,mouse,7,MAPK8IP3,Mapk8ip3,1
AD,mouse,7,STXBP1,Stxbp1,8
AD,mouse,7,PPP4C,Ppp4c,1
AD,mouse,7,PPP2R2D,Ppp2r2d,1
AD,mouse,7,NDEL1,Ndel1,1
AD,mouse,7,PPME1,Ppme1,1
AD,mouse,7,ATP6V1H,Atp6v1h,1
AD,mouse,7,G3BP2,G3bp2,1
AD,mouse,7,PPP1CB,Ppp1cb,1
AD,mouse,7,CSNK1A1,Csnk1a1,1
AD,mouse,7,SYNM,Synm,1
AD,mouse,7,RHOA,Rhoa,1
AD,mouse,7,SNAPIN,Snapin,1
AD,mouse,7,CHRNA7,Chrna7,2
AD,mouse,7,NUB1,Nub1,1
AD,mouse,7,RPS14,Rps14,1
AD,mouse,7,PPIB,Ppib,4
AD,mouse,7,BRSK1,Brsk1,3
AD,mouse,7,PDCD5,Pdcd5,1
AD,mouse,7,MAP7D1,Map7d1,1
AD,mouse,7,CCDC102A,Ccdc102a,1
AD,mouse,7,CDK5,Cdk5,40
AD,mouse,7,TRIM11,Trim11,1
AD,mouse,7,CEP170,Cep170,1
AD,mouse,7,UBA1,Uba1,3
AD,mouse,7,PPP2R1A,Ppp2r1a,3
AD,mouse,7,SCRN1,Scrn1,2
AD,mouse,7,CABLES2,Cables2,1
AD,mouse,7,KIF5C,Kif5c,3
AD,mouse,7,PACSIN1,Pacsin1,1
AD,mouse,7,FIBP,Fibp,2
AD,mouse,7,CLSTN1,Clstn1,3
AD,mouse,7,KLK6,Klk6,1
AD,mouse,7,MRPS34,Mrps34,1
AD,mouse,7,MAPK11,Mapk11,3
AD,mouse,7,MAP2,Map2,3
AD,mouse,7,DCTN1,Dctn1,1
AD,mouse,7,CCT8,Cct8,2
AD,mouse,7,NUDC,Nudc,2
AD,mouse,7,YWHAE,Ywhae,7
AD,mouse,7,KLC1,Klc1,17
AD,mouse,7,NAPB,Napb,2
AD,mouse,7,TAGLN3,Tagln3,1
AD,mouse,7,BAG1,Bag1,3
AD,mouse,7,NECAB1,Necab1,1
AD,mouse,7,CCT5,Cct5,2
AD,mouse,7,PRKCB,Prkcb,2
AD,mouse,7,HNRNPA2B1,Hnrnpa2b1,1
AD,mouse,7,ARF4,Arf4,1
AD,mouse,7,TIA1,Tia1,6
AD,mouse,7,RARA,Rara,2
AD,mouse,7,TRIM28,Trim28,2
AD,mouse,7,PPP2CA,Ppp2ca,4
AD,mouse,7,MAPT,Mapt,337
AD,mouse,7,CNN3,Cnn3,1
AD,mouse,7,SLC1A2,Slc1a2,2
AD,mouse,7,OXCT1,Oxct1,1
AD,mouse,7,TCP1,Tcp1,2
AD,mouse,7,RAB10,Rab10,1
AD,mouse,7,YWHAG,Ywhag,2
AD,mouse,7,CDK2,Cdk2,1
AD,mouse,7,ACLY,Acly,2
AD,mouse,7,CCT3,Cct3,2
AD,mouse,7,SKA3,Ska3,1
AD,mouse,7,PCNA,Pcna,2
AD,mouse,7,SFXN5,Sfxn5,1
AD,mouse,7,LRRK2,Lrrk2,4
AD,mouse,7,USP5,Usp5,3
AD,mouse,7,BAP1,Bap1,1
AD,mouse,7,CDKN1B,Cdkn1b,2
AD,mouse,7,GNPNAT1,Gnpnat1,1
AD,mouse,7,YWHAZ,Ywhaz,10
AD,mouse,7,CDK5RAP2,Cdk5rap2,1
AD,mouse,7,HDAC1,Hdac1,1
AD,mouse,7,YWHAH,Ywhah,3
AD,mouse,7,FBXO42,Fbxo42,1
AD,mouse,7,CDK16,Cdk16,1
AD,mouse,8,KAT2A,Kat2a,1
AD,mouse,8,AGFG1,Agfg1,1
AD,mouse,8,PGR,Pgr,2
AD,mouse,8,PPM1B,Ppm1b,2
AD,mouse,8,POU4F1,Pou4f1,1
AD,mouse,8,CEBPB,Cebpb,3
AD,mouse,8,DSG1,Dsg1a,1
AD,mouse,8,CHD9,Chd9,1
AD,mouse,8,ARID5A,Arid5a,1
AD,mouse,8,MED14,Med14,1
AD,mouse,8,EPAS1,Epas1,1
AD,mouse,8,PGK2,Pgk2,1
AD,mouse,8,NCOA1,Ncoa1,2
AD,mouse,8,FMR1,Fmr1,10
AD,mouse,8,SRPK2,Srpk2,1
AD,mouse,8,CUEDC2,Cuedc2,1
AD,mouse,8,RAD50,Rad50,2
AD,mouse,8,MRPS22,Mrps22,1
AD,mouse,8,PSMC5,Psmc5,3
AD,mouse,8,SRPK1,Srpk1,1
AD,mouse,8,G3BP1,G3bp1,1
AD,mouse,8,SNRPE,Snrpe,1
AD,mouse,8,SRSF2,Srsf2,1
AD,mouse,8,POLR2E,Polr2e,1
AD,mouse,8,DAP3,Dap3,1
AD,mouse,8,GRIP1,Grip1,2
AD,mouse,8,ESR2,Esr2,2
AD,mouse,8,NR1H2,Nr1h2,1
AD,mouse,8,NCOA4,Ncoa4,1
AD,mouse,8,CCAR2,Ccar2,1
AD,mouse,8,SP1,Sp1,1
AD,mouse,8,CHAT,Chat,1
AD,mouse,8,PURB,Purb,1
AD,mouse,8,STAT1,Stat1,3
AD,mouse,8,NCOR2,Ncor2,2
AD,mouse,8,SLAIN2,Slain2,1
AD,mouse,8,TRIM24,Trim24,1
AD,mouse,8,MRPS27,Mrps27,1
AD,mouse,8,PIN1,Pin1,3
AD,mouse,8,TRPS1,Trps1,1
AD,mouse,8,NSF,Nsf,3
AD,mouse,8,NPY,Npy,2
AD,mouse,8,EIF2AK2,Eif2ak2,17
AD,mouse,8,DHX9,Dhx9,2
AD,mouse,8,RAN,Ran,1
AD,mouse,8,KMT2A,Kmt2a,1
AD,mouse,8,PIAS1,Pias1,1
AD,mouse,8,ACTR3,Actr3,2
AD,mouse,8,STAT5A,Stat5a,1
AD,mouse,8,POU4F2,Pou4f2,1
AD,mouse,8,ACTR2,Actr2,1
AD,mouse,8,HDAC3,Hdac3,1
AD,mouse,8,EIF4A1,Eif4a1,1
AD,mouse,8,MYO5A,Myo5a,1
AD,mouse,8,FABP5,Fabp5,1
AD,mouse,8,PURA,Pura,1
AD,mouse,8,PPP5C,Ppp5c,7
AD,mouse,8,CTBP1,Ctbp1,3
AD,mouse,8,KDM4B,Kdm4b,1
AD,mouse,8,TRRAP,Trrap,1
AD,mouse,8,DNAJC3,Dnajc3,1
AD,mouse,8,ZMYND8,Zmynd8,1
AD,mouse,8,EP400,Ep400,1
AD,mouse,8,RPL10,Rpl10,1
AD,mouse,8,PTCD3,Ptcd3,1
AD,mouse,8,SPOP,Spop,9
AD,mouse,8,RPL7A,Rpl7a,1
AD,mouse,8,BYSL,Bysl,1
AD,mouse,8,ILF3,Ilf3,2
AD,mouse,8,PA2G4,Pa2g4,1
AD,mouse,8,CBR1,Cbr1,1
AD,mouse,8,ZNF598,Zfp598,1
AD,mouse,8,NCOA6,Ncoa6,5
AD,mouse,8,ESR1,Esr1,31
AD,mouse,8,STAU1,Stau1,1
AD,mouse,8,RPL28,Rpl28,1
AD,mouse,8,SIRT1,Sirt1,3
AD,mouse,8,AP2S1,Ap2s1,4
AD,mouse,8,TDG,Tdg,1
AD,mouse,8,EIF6,Eif6,1
AD,mouse,8,EIF2A,Eif2a,1
AD,mouse,8,MED1,Med1,2
AD,mouse,8,NOP2,Nop2,1
AD,mouse,8,RPL8,Rpl8,1
AD,mouse,8,ADAR,Adar,1
AD,mouse,8,MAP2K1,Map2k1,2
AD,mouse,8,SRSF6,Srsf6,2
AD,mouse,8,BCAS3,Bcas3,1
AD,mouse,8,PPARA,Ppara,17
AD,mouse,8,SMARCD3,Smarcd3,1
AD,mouse,8,HDAC4,Hdac4,6
AD,mouse,8,HDAC9,Hdac9,1
AD,mouse,8,PML,Pml,2
AD,mouse,8,KMT2D,Kmt2d,1
AD,mouse,8,SLC25A11,Slc25a11,3
AD,mouse,8,RBM39,Rbm39,1
AD,mouse,8,HSPA4,Hspa4,4
AD,mouse,8,NCOA7,Ncoa7,1
AD,mouse,8,NCOR1,Ncor1,4
AD,mouse,8,LIN7C,Lin7c,3
AD,mouse,8,CAPRIN1,Caprin1,2
AD,mouse,8,PPARG,Pparg,80
AD,mouse,8,POU5F1,Pou5f1,1
AD,mouse,8,SCYL2,Scyl2,1
AD,mouse,8,NCOA2,Ncoa2,2
AD,mouse,9,SNTB2,Sntb2,2
AD,mouse,9,ACTN4,Actn4,1
AD,mouse,9,DPH1,Dph1,1
AD,mouse,9,ABCA1,Abca1,2
AD,mouse,9,MAP3K5,Map3k5,3
AD,mouse,9,CTU2,Ctu2,1
AD,mouse,9,SLC2A4,Slc2a4,7
AD,mouse,9,DAXX,Daxx,2
AD,mouse,9,TUBB4A,Tubb4a,2
AD,mouse,9,FASLG,Fasl,1
AD,mouse,9,SMAP2,Smap2,1
AD,mouse,9,LRP1,Lrp1,28
AD,mouse,9,FAF1,Faf1,3
AD,mouse,9,LPL,Lpl,1
AD,mouse,9,RELA,Rela,1
AD,mouse,9,TUBB2B,Tubb2b,2
AD,mouse,9,ATG5,Atg5,5
AD,mouse,9,HARS2,Hars2,1
AD,mouse,9,STX12,Stx12,2
AD,mouse,9,GIPC1,Gipc1,3
AD,mouse,9,RAP1A,Rap1a,2
AD,mouse,9,FAS,Fas,9
AD,mouse,9,GPD1L,Gpd1l,1
AD,mouse,9,COPS5,Cops5,3
AD,mouse,9,TUBB3,Tubb3,1
AD,mouse,9,PRKCA,Prkca,3
AD,mouse,9,COPS2,Cops2,2
AD,mouse,9,FADD,Fadd,3
AD,mouse,10,SLC3A2,Slc3a2,2
AD,mouse,10,DYRK1A,Dyrk1a,1
AD,mouse,10,CBX1,Cbx1,1
AD,mouse,10,ATRX,Atrx,1
AD,mouse,10,HDGF,Hdgf,1
AD,mouse,10,FANCD2,Fancd2,37
AD,mouse,10,PAICS,Paics,2
AD,mouse,10,COPS7A,Cops7a,2
AD,mouse,10,HECTD3,Hectd3,1
AD,mouse,10,MAPK7,Mapk7,1
AD,mouse,10,SFN,Sfn,1
AD,mouse,10,NFE2L2,Nfe2l2,26
AD,mouse,10,EIF2S2,Eif2s2,1
AD,mouse,10,EIF2S1,Eif2s1,40
AD,mouse,10,CERS2,Cers2,1
AD,mouse,10,PRPS2,Prps2,1
AD,mouse,10,CORO1B,Coro1b,1
AD,mouse,10,USP14,Usp14,2
AD,mouse,10,ERG,Erg,1
AD,mouse,10,PARP1,Parp1,31
AD,mouse,10,SYVN1,Syvn1,3
AD,mouse,10,TOP1,Top1,2
AD,mouse,10,XRN1,Xrn1,8
AD,mouse,10,LEF1,Lef1,1
AD,mouse,10,ILF2,Ilf2,1
AD,mouse,10,KPNA3,Kpna3,1
AD,mouse,10,UHRF2,Uhrf2,1
AD,mouse,10,CREBBP,Crebbp,5
AD,mouse,10,ZFP36,Zfp36,1
AD,mouse,10,UPF1,Upf1,1
AD,mouse,10,ANK3,Ank3,1
AD,mouse,10,TIMELESS,Timeless,1
AD,mouse,10,CORO1C,Coro1c,1
AD,mouse,10,MCMBP,Mcmbp,1
AD,mouse,10,DIDO1,Dido1,1
AD,mouse,10,MYC,Myc,1
AD,mouse,10,NELFE,Nelfe,1
AD,mouse,10,MOCOS,Mocos,2
AD,mouse,10,GINS4,Gins4,1
AD,mouse,10,SNF8,Snf8,1
AD,mouse,10,MAFK,Mafk,1
AD,mouse,10,CTR9,Ctr9,1
AD,mouse,10,JUN,Jun,2
AD,mouse,10,RPA1,Rpa1,1
AD,mouse,10,TOP2A,Top2a,1
AD,mouse,10,MCM2,Mcm2,26
AD,mouse,10,ELAVL1,Elavl1,1
AD,mouse,10,MAFG,Mafg,1
AD,mouse,10,ARAF,Araf,1
AD,mouse,10,MCM3,Mcm3,2
AD,mouse,10,ARFIP2,Arfip2,1
AD,mouse,10,CHEK1,Chek1,1
AD,mouse,10,USP9X,Usp9x,2
AD,mouse,11,CDKN1A,Cdkn1a,1
AD,mouse,11,ATXN3,Atxn3,2
AD,mouse,11,GLS,Gls,2
AD,mouse,11,RIPK3,Ripk3,1
AD,mouse,11,KDR,Kdr,4
AD,mouse,11,PTGES3,Ptges3,2
AD,mouse,11,CASP1,Casp1,1
AD,mouse,11,CCT2,Cct2,2
AD,mouse,11,PTPRZ1,Ptprz1,1
AD,mouse,11,BIRC2,Birc2,1
AD,mouse,11,HTRA2,Htra2,2
AD,mouse,11,PRKDC,Prkdc,1
AD,mouse,11,CTTN,Cttn,2
AD,mouse,11,TBK1,Tbk1,2
AD,mouse,11,VEGFA,Vegfa,8
AD,mouse,11,BID,Bid,2
AD,mouse,11,RHEB,Rheb,6
AD,mouse,11,CASP7,Casp7,6
AD,mouse,11,LNPEP,Lnpep,1
AD,mouse,11,SHARPIN,Sharpin,3
AD,mouse,11,BDH1,Bdh1,3
AD,mouse,11,NEO1,Neo1,1
AD,mouse,11,DFFA,Dffa,1
AD,mouse,11,TNFRSF1A,Tnfrsf1a,1
AD,mouse,11,IL1B,Il1b,8
AD,mouse,11,NEDD4,Nedd4,4
AD,mouse,11,PTPRS,Ptprs,1
AD,mouse,11,CASP3,Casp3,29
AD,mouse,11,RIPK1,Ripk1,2
AD,mouse,11,TAB2,Tab2,1
AD,mouse,11,AGO2,Ago2,1
AD,mouse,11,BIRC3,Birc3,2
AD,mouse,11,CYLD,Cyld,1
AD,mouse,11,SPARC,Sparc,1
AD,mouse,11,PDIA4,Pdia4,3
AD,mouse,11,CRYAB,Cryab,3
AD,mouse,11,TAB1,Tab1,2
AD,mouse,11,CHUK,Chuk,1
AD,mouse,11,TNF,Tnf,20
AD,mouse,11,HNRNPD,Hnrnpd,5
AD,mouse,11,CASP9,Casp9,1
AD,mouse,11,RNF31,Rnf31,2
AD,mouse,11,IKBKE,Ikbke,1
AD,mouse,11,TNIP1,Tnip1,2
AD,mouse,11,FLT1,Flt1,3
AD,mouse,11,RB1,Rb1,1
AD,mouse,11,CASP8,Casp8,2
AD,mouse,11,MAP3K7,Map3k7,4
AD,mouse,12,S100B,S100b,7
AD,mouse,12,S100A2,S100a2,1
AD,mouse,12,S100A1,S100a1,1
AD,mouse,12,FGFR1,Fgfr1,2
AD,mouse,12,IQGAP1,Iqgap1,1
AD,mouse,12,AGER,Ager,6
AD,mouse,12,S100A6,S100a6,2
AD,mouse,12,MDM2,Mdm2,3
AD,mouse,12,VAV1,Vav1,1
AD,mouse,13,ZFAND1,Zfand1,1
AD,mouse,13,HNRNPH2,Hnrnph2,1
AD,mouse,13,PSMD13,Psmd13,2
AD,mouse,13,UBXN2B,Ubxn2b,2
AD,mouse,13,UBXN7,Ubxn7,1
AD,mouse,13,UBE2D2,Ube2d2a,1
AD,mouse,13,PRSS2,Try10,1
AD,mouse,13,UBE2N,Ube2n,2
AD,mouse,13,CUL1,Cul1,1
AD,mouse,13,PTPRO,Ptpro,1
AD,mouse,13,PKN2,Pkn2,1
AD,mouse,13,SIRT2,Sirt2,1
AD,mouse,13,UBAC2,Ubac2,1
AD,mouse,13,RAB11B,Rab11b,2
AD,mouse,13,RNF149,Rnf149,1
AD,mouse,13,DMXL2,Dmxl2,1
AD,mouse,13,RPS8,Rps8,1
AD,mouse,13,GSTZ1,Gstz1,1
AD,mouse,13,ATG16L1,Atg16l1,10
AD,mouse,13,VCP,Vcp,158
AD,mouse,13,TXN,Txn1,2
AD,mouse,13,ERLIN2,Erlin2,4
AD,mouse,13,UBE2G2,Ube2g2,1
AD,mouse,13,VCPIP1,Vcpip1,2
AD,mouse,13,RPS13,Rps13,1
AD,mouse,13,TRIM33,Trim33,3
AD,mouse,13,TAP2,Tap2,4
AD,mouse,13,CYP19A1,Cyp19a1,1
AD,mouse,13,NGLY1,Ngly1,3
AD,mouse,13,PCBP2,Pcbp2,1
AD,mouse,13,PSMC4,Psmc4,2
AD,mouse,13,HTR3A,Htr3a,1
AD,mouse,13,LZIC,Lzic,1
AD,mouse,13,IL6R,Il6ra,1
AD,mouse,13,UBE4B,Ube4b,2
AD,mouse,13,GET4,Get4,1
AD,mouse,13,CRBN,Crbn,1
AD,mouse,13,NPLOC4,Nploc4,2
AD,mouse,13,PSMA2,Psma2,1
AD,mouse,13,WAC,Wac,1
AD,mouse,13,DUSP1,Dusp1,1
AD,mouse,13,USP15,Usp15,2
AD,mouse,13,UBXN2A,Ubxn2a,1
AD,mouse,13,KCMF1,Kcmf1,1
AD,mouse,13,HBA2,Hba-a1,1
AD,mouse,13,BRSK2,Brsk2,2
AD,mouse,13,PPP1R11,Ppp1r11,1
AD,mouse,13,MGRN1,Mgrn1,1
AD,mouse,13,PSMD4,Psmd4,2
AD,mouse,13,SORD,Sord,1
AD,mouse,13,MID1,Mid1,1
AD,mouse,13,ELAVL4,Elavl4,1
AD,mouse,13,SOCS2,Socs2,2
AD,mouse,13,RPS27A,Rps27a,2
AD,mouse,13,UBR5,Ubr5,1
AD,mouse,13,TAB3,Tab3,2
AD,mouse,13,PLAA,Plaa,1
AD,mouse,13,AKT1,Akt1,6
AD,mouse,13,PSMA1,Psma1,1
AD,mouse,13,ZFAND2B,Zfand2b,2
AD,mouse,13,DNM2,Dnm2,1
AD,mouse,13,RNF19A,Rnf19a,1
AD,mouse,13,SVIP,Svip,1
AD,mouse,13,CETN2,Cetn2,1
AD,mouse,13,PSMB6,Psmb6,1
AD,mouse,13,UBE2I,Ube2i,1
AD,mouse,13,UBOX5,Ubox5,1
AD,mouse,13,UBXN1,Ubxn1,1
AD,mouse,13,PSMB2,Psmb2,1
AD,mouse,13,RPL13,Rpl13,1
AD,mouse,13,ANKRD13D,Ankrd13d,1
AD,mouse,13,HTT,Htt,19
AD,mouse,13,GLUL,Glul,24
AD,mouse,13,AMFR,Amfr,23
AD,mouse,13,DERL2,Derl2,1
AD,mouse,13,PSMA6,Psma6,2
AD,mouse,13,COPS3,Cops3,1
AD,mouse,13,PCK1,Pck1,1
AD,mouse,13,ASPSCR1,Aspscr1,4
AD,mouse,13,UBE2J1,Ube2j1,1
AD,mouse,13,CNIH4,Cnih4,1
AD,mouse,13,PSMD12,Psmd12,2
AD,mouse,13,HDLBP,Hdlbp,1
AD,mouse,13,WIPI2,Wipi2,1
AD,mouse,13,FCHSD2,Fchsd2,1
AD,mouse,14,TNK2,Tnk2,3
AD,mouse,14,ACTN2,Actn2,2
AD,mouse,14,SH3GL2,Sh3gl2,1
AD,mouse,14,KIT,Kit,2
AD,mouse,14,HGS,Hgs,1
AD,mouse,14,PALLD,Palld,1
AD,mouse,14,CSF1R,Csf1r,21
AD,mouse,14,MTOR,Mtor,1
AD,mouse,14,RPS6KB1,Rps6kb1,1
AD,mouse,14,GRIN1,Grin1,11
AD,mouse,14,SOS1,Sos1,4
AD,mouse,14,DLG2,Dlg2,1
AD,mouse,14,NTRK1,Ntrk1,27
AD,mouse,14,RPS6KA3,Rps6ka3,1
AD,mouse,14,IRS2,Irs2,2
AD,mouse,14,PIK3CB,Pik3cb,2
AD,mouse,14,MET,Met,3
AD,mouse,14,GRIN2A,Grin2a,5
AD,mouse,14,CNP,Cnp,1
AD,mouse,14,SH3KBP1,Sh3kbp1,5
AD,mouse,14,PRDX4,Prdx4,1
AD,mouse,14,GAB1,Gab1,3
AD,mouse,14,ARC,Arc,10
AD,mouse,14,NTRK3,Ntrk3,1
AD,mouse,14,DLG3,Dlg3,1
AD,mouse,14,BCHE,Bche,2
AD,mouse,14,PAG1,Pag1,1
AD,mouse,14,ASAP2,Asap2,1
AD,mouse,14,INSR,Insr,29
AD,mouse,14,SEC61A1,Sec61a1,2
AD,mouse,14,ACBD3,Acbd3,1
AD,mouse,14,PIK3R2,Pik3r2,1
AD,mouse,14,NTRK2,Ntrk2,55
AD,mouse,14,MME,Mme,2
AD,mouse,14,CAMK2A,Camk2a,4
AD,mouse,14,PFKP,Pfkp,2
AD,mouse,14,CD22,Cd22,1
AD,mouse,14,ATXN10,Atxn10,1
AD,mouse,14,ATP1A1,Atp1a1,3
AD,mouse,14,INPP5D,Inpp5d,30
AD,mouse,14,SRC,Src,8
AD,mouse,14,HYOU1,Hyou1,4
AD,mouse,14,IKBKB,Ikbkb,3
AD,mouse,14,APMAP,Apmap,4
AD,mouse,14,HSP90B1,Hsp90b1,3
AD,mouse,14,ERBB2,Erbb2,2
AD,mouse,14,HTR6,Htr6,3
AD,mouse,14,SOCS3,Socs3,1
AD,mouse,14,CBL,Cbl,8
AD,mouse,14,PTK2B,Ptk2b,39
AD,mouse,14,GAB2,Gab2,2
AD,mouse,14,TLR4,Tlr4,26
AD,mouse,14,ASAP1,Asap1,2
AD,mouse,14,UBASH3B,Ubash3b,1
AD,mouse,14,LCK,Lck,1
AD,mouse,14,HAP1,Hap1,1
AD,mouse,14,PECAM1,Pecam1,1
AD,mouse,14,SNAP29,Snap29,1
AD,mouse,14,CRK,Crk,3
AD,mouse,14,CD2AP,Cd2ap,95
AD,mouse,14,PTPN6,Ptpn6,1
AD,mouse,14,TNFRSF1B,Tnfrsf1b,1
AD,mouse,14,ROR2,Ror2,1
AD,mouse,14,GGA3,Gga3,1
AD,mouse,14,AXL,Axl,2
AD,mouse,14,DNAJA2,Dnaja2,1
AD,mouse,14,NF1,Nf1,2
AD,mouse,14,DOK2,Dok2,2
AD,mouse,14,EMD,Emd,1
AD,mouse,14,ATP2A2,Atp2a2,2
AD,mouse,14,SH2B2,Sh2b2,2
AD,mouse,14,FBXO2,Fbxo2,2
AD,mouse,14,TICAM1,Ticam1,2
AD,mouse,14,SORBS2,Sorbs2,4
AD,mouse,14,IRS1,Irs1,24
AD,mouse,14,MARK2,Mark2,1
AD,mouse,14,AFG3L2,Afg3l2,1
AD,mouse,14,SOCS1,Socs1,4
AD,mouse,14,ADRB3,Adrb3,1
AD,mouse,14,HSPA4L,Hspa4l,1
AD,mouse,14,GRM1,Grm1,1
AD,mouse,14,SCFD1,Scfd1,1
AD,mouse,14,ERBB4,Erbb4,1
AD,mouse,14,RYR2,Ryr2,2
AD,mouse,14,RNF216,Rnf216,1
AD,mouse,14,AGAP2,Agap2,6
AD,mouse,14,GRIN2B,Grin2b,134
AD,mouse,14,KCTD13,Kctd13,28
AD,mouse,14,GNB1,Gnb1,2
AD,mouse,14,PLCG2,Plcg2,11
AD,mouse,14,BACE1,Bace1,8
AD,mouse,14,EWSR1,Ewsr1,2
AD,mouse,14,PIK3CA,Pik3ca,3
AD,mouse,14,NPHP1,Nphp1,1
AD,mouse,14,CAMP,Camp,1
AD,mouse,14,HSPA1B,"Hspa1a, Hspa1b",47
AD,mouse,14,FBXO21,Fbxo21,1
AD,mouse,14,MAPK1,Mapk1,3
AD,mouse,14,PLCG1,Plcg1,4
AD,mouse,14,BDNF,Bdnf,3
AD,mouse,14,DNM1,Dnm1,5
AD,mouse,14,INSRR,Insrr,1
AD,mouse,14,SHC1,Shc1,5
AD,mouse,14,PXN,Pxn,2
AD,mouse,14,RAD51,Rad51,1
AD,mouse,14,PLXNA4,Plxna4,1
AD,mouse,14,GRIN2C,Grin2c,8
AD,mouse,14,DLG4,Dlg4,16
AD,mouse,14,DNAJC10,Dnajc10,1
AD,mouse,14,TIRAP,Tirap,3
AD,mouse,14,NDFIP1,Ndfip1,1
AD,mouse,14,PYGB,Pygb,1
AD,mouse,14,IGF1R,Igf1r,8
AD,mouse,14,TRIM47,Trim47,1
AD,mouse,14,ROR1,Ror1,1
AD,mouse,14,MYD88,Myd88,2
AD,mouse,14,BTK,Btk,2
AD,mouse,14,IL1R1,Il1r1,1
AD,mouse,14,TUBB6,Tubb6,2
AD,mouse,14,KCNA3,Kcna3,3
AD,mouse,14,RPS6KA1,Rps6ka1,1
AD,mouse,14,TRIM72,Trim72,2
AD,mouse,14,STAP1,Stap1,1
AD,mouse,14,SH3BP1,Sh3bp1,1
AD,mouse,14,CD36,Cd36,2
AD,mouse,14,HSPA8,Hspa8,8
AD,mouse,14,PPM1A,Ppm1a,2
AD,mouse,14,RYK,Ryk,1
AD,mouse,14,JAK2,Jak2,2
AD,mouse,14,SALL2,Sall2,2
AD,mouse,14,TEK,Tek,1
AD,mouse,14,GNAI3,Gnai3,2
AD,mouse,14,RASGRF1,Rasgrf1,2
AD,mouse,14,CACYBP,Cacybp,1
AD,mouse,14,GANAB,Ganab,2
AD,mouse,14,RNF19B,Rnf19b,1
AD,mouse,14,NTF3,Ntf3,1
AD,mouse,14,PIK3R1,Pik3r1,61
AD,mouse,14,NGF,Ngf,1
AD,mouse,14,BAG5,Bag5,1
AD,mouse,14,SLC25A3,Slc25a3,3
AD,mouse,14,DOK1,Dok1,6
AD,mouse,14,MAP4K5,Map4k5,1
AD,mouse,14,UBQLN2,Ubqln2,2
AD,mouse,14,MAGED1,Maged1,1
AD,mouse,14,ACTN3,Actn3,1
AD,mouse,14,CBLB,Cblb,3
AD,mouse,14,NISCH,Nisch,1
AD,mouse,14,JUP,Jup,3
AD,mouse,14,CD19,Cd19,1
AD,mouse,14,SYK,Syk,1
AD,mouse,14,CAPZA1,Capza1,3
AD,mouse,14,TRAF3,Traf3,3
AD,mouse,14,RPGRIP1L,Rpgrip1l,1
AD,mouse,14,PTPN11,Ptpn11,4
AD,mouse,14,PSMD3,Psmd3,2
AD,mouse,14,HSPA2,Hspa2,4
AD,mouse,14,DLG1,Dlg1,1
AD,mouse,14,HSP90AB1,Hsp90ab1,3
AD,mouse,14,TUBA1B,Tuba1b,1
AD,mouse,14,RPL11,Rpl11,2
AD,mouse,14,SIRPA,Sirpa,1
AD,mouse,14,SPTAN1,Sptan1,1
AD,mouse,14,SERPINH1,Serpinh1,1
AD,mouse,14,STUB1,Stub1,7
AD,mouse,14,DNAJB11,Dnajb11,1
AD,mouse,14,SEC23B,Sec23b,1
AD,mouse,14,TBC1D10B,Tbc1d10b,2
AD,mouse,14,BAG2,Bag2,2
AD,mouse,14,NPHS1,Nphs1,3
AD,mouse,14,SEC23A,Sec23a,2
AD,mouse,14,NCK1,Nck1,1
AD,mouse,14,SHC3,Shc3,3
AD,mouse,14,EGF,Egf,1
AD,mouse,14,DNAJC7,Dnajc7,1
AD,mouse,14,GRB2,Grb2,6
AD,mouse,14,BCAR1,Bcar1,3
AD,mouse,14,MERTK,Mertk,1
AD,mouse,14,PRKCD,Prkcd,1
AD,mouse,14,FSCN1,Fscn1,3
AD,mouse,14,ARHGAP44,Arhgap44,1
AD,mouse,14,NYAP2,Nyap2,2
AD,mouse,14,STIP1,Stip1,2
AD,mouse,14,NGFR,Ngfr,15
AD,mouse,14,PTK2,Ptk2,5
AD,mouse,14,RANBP9,Ranbp9,3
AD,mouse,14,ARRB1,Arrb1,1
AD,mouse,14,CAMK2G,Camk2g,2
AD,mouse,14,TRAF6,Traf6,7
AD,mouse,14,RASA1,Rasa1,1
AD,mouse,14,EFS,Efs,1
AD,mouse,14,FYN,Fyn,24
AD,mouse,14,ARHGAP32,Arhgap32,2
AD,mouse,14,SEC24B,Sec24b,1
AD,mouse,14,MIB2,Mib2,1
AD,mouse,14,USP48,Usp48,17
AD,mouse,14,XIAP,Xiap,1
AD,mouse,14,USP10,Usp10,2
AD,mouse,14,P4HB,P4hb,3
AD,mouse,14,GRB10,Grb10,4
AD,mouse,14,SLC25A5,Slc25a5,2
AD,mouse,14,NPHS2,Nphs2,1
AD,mouse,14,ADAM17,Adam17,5
AD,mouse,14,FLT4,Flt4,1
AD,mouse,14,PDIA6,Pdia6,3
AD,mouse,14,BFAR,Bfar,1
AD,mouse,14,WASL,Wasl,1
AD,mouse,14,TYK2,Tyk2,1
AD,mouse,14,EPHA4,Epha4,1
AD,mouse,14,FCGR2B,Fcgr2b,1
AD,mouse,14,KHDRBS1,Khdrbs1,2
AD,mouse,14,DAB2IP,Dab2ip,1
AD,mouse,14,CAD,Cad,1
AD,mouse,14,PITPNM1,Pitpnm1,1
AD,mouse,14,ARHGAP17,Arhgap17,1
AD,mouse,14,GLUD1,Glud1,2
AD,mouse,14,RB1CC1,Rb1cc1,1
AD,mouse,14,BAG4,Bag4,3
AD,mouse,14,CD40,Cd40,1
AD,mouse,14,ABL1,Abl1,3
AD,mouse,14,SLC25A22,Slc25a22,1
AD,mouse,14,CRKL,Crkl,3
AD,mouse,15,GSK3B,Gsk3b,107
AD,mouse,15,PPP3CC,Ppp3cc,2
AD,mouse,15,OFD1,Ofd1,1
AD,mouse,15,PRKAR1B,Prkar1b,2
AD,mouse,15,CLASP2,Clasp2,2
AD,mouse,15,UHRF1,Uhrf1,1
AD,mouse,15,PPP3R1,Ppp3r1,8
AD,mouse,15,KIAA1191,4833439L19Rik,4
AD,mouse,15,PICK1,Pick1,1
AD,mouse,15,VCL,Vcl,3
AD,mouse,15,CRYBG3,Crybg3,1
AD,mouse,15,RPL6,Rpl6,3
AD,mouse,15,STAT2,Stat2,1
AD,mouse,15,GSK3A,Gsk3a,4
AD,mouse,15,PDHB,Pdhb,3
AD,mouse,15,CEBPA,Cebpa,4
AD,mouse,15,EPM2A,Epm2a,1
AD,mouse,15,PPP1R2,Ppp1r2,4
AD,mouse,15,SNAI1,Snai1,1
AD,mouse,15,RCAN1,Rcan1,3
AD,mouse,15,PPP6R3,Ppp6r3,1
AD,mouse,15,MACF1,Macf1,1
AD,mouse,15,AXIN1,Axin1,3
AD,mouse,15,STRAP,Strap,1
AD,mouse,15,DNM1L,Dnm1l,3
AD,mouse,15,DEAF1,Deaf1,1
AD,mouse,15,FBXO7,Fbxo7,1
AD,mouse,15,AKT3,Akt3,1
AD,mouse,15,RCAN3,Rcan3,1
AD,mouse,15,CABYR,Cabyr,1
AD,mouse,15,DLG5,Dlg5,1
AD,mouse,15,CEP152,Cep152,1
AD,mouse,15,PPP3CB,Ppp3cb,4
AD,mouse,15,BTRC,Btrc,2
AD,mouse,15,USP22,Usp22,2
AD,mouse,15,PPP3CA,Ppp3ca,7
AD,mouse,15,NOTCH2,Notch2,2
AD,mouse,15,FCGR2A,Fcgr2b,1
AD,mouse,15,GSKIP,Gskip,1
AD,mouse,15,PSMA7,Psma7,2
AD,mouse,15,PELI3,Peli3,1
AD,mouse,15,RCAN2,Rcan2,1
AD,mouse,15,AXIN2,Axin2,1
AD,mouse,15,WDR62,Wdr62,1
AD,mouse,15,PEX5,Pex5,1
AD,mouse,15,NOTCH3,Notch3,2
AD,mouse,16,OGDH,Ogdh,4
AD,mouse,16,DLAT,Dlat,4
AD,mouse,16,TTR,Ttr,20
AD,mouse,16,APOA1,Apoa1,31
AD,mouse,16,HSPG2,Hspg2,1
AD,mouse,16,NDUFS2,Ndufs2,2
AD,mouse,16,ATF4,Atf4,1
AD,mouse,16,SFXN1,Sfxn1,1
AD,mouse,16,CS,"Cs, Csl",3
AD,mouse,16,CST3,Cst3,12
AD,mouse,16,RPGR,Rpgr,1
AD,mouse,16,ANLN,Anln,1
AD,mouse,16,NDUFA9,Ndufa9,1
AD,mouse,16,GOT1,Got1,2
AD,mouse,16,HSCB,Hscb,1
AD,mouse,16,UBC,Ubc,6
AD,mouse,16,MMP2,Mmp2,1
AD,mouse,16,FGB,Fgb,1
AD,mouse,16,MBP,Mbp,4
AD,mouse,16,SYT17,Syt17,1
AD,mouse,16,F2,F2,11
AD,mouse,16,DLST,Dlst,42
AD,mouse,16,APOB,Apob,3
AD,mouse,16,GFM1,Gfm1,2
AD,mouse,16,CAPZB,Capzb,3
AD,mouse,16,CLPP,Clpp,2
AD,mouse,16,C4A,C4b,1
AD,mouse,16,C3,C3,11
AD,mouse,16,VIM,Vim,4
AD,mouse,16,MDH2,Mdh2,4
AD,mouse,16,TFAM,Tfam,14
AD,mouse,16,PDE4DIP,Pde4dip,3
AD,mouse,16,HP,Hp,2
AD,mouse,16,MRPS10,Mrps10,1
AD,mouse,16,RBP4,Rbp4,2
AD,mouse,16,GRSF1,Grsf1,1
AD,mouse,16,FGG,Fgg,1
AD,mouse,16,AGTRAP,Agtrap,1
AD,mouse,16,SSBP1,Ssbp1,1
AD,mouse,16,NR3C1,Nr3c1,1
AD,mouse,16,CCT7,Cct7,1
AD,mouse,16,CAPZA2,Capza2,3
AD,mouse,16,HSPD1,Hspd1,4
AD,mouse,16,C4B,C4b,1
AD,mouse,16,CFI,Cfi,1
AD,mouse,16,NDUFS7,Ndufs7,2
AD,mouse,16,MRPS7,Mrps7,1
AD,mouse,16,ITGAM,Itgam,1
AD,mouse,16,MTIF2,Mtif2,1
AD,mouse,16,AMBP,Ambp,1
AD,mouse,16,IDE,Ide,2
AD,mouse,16,CTSB,Ctsb,3
AD,mouse,16,PZP,Mug2,1
AD,mouse,16,HDAC6,Hdac6,3
AD,mouse,16,NDUFS3,Ndufs3,2
AD,mouse,16,ANK2,Ank2,1
AD,mouse,16,ALDH1A1,Aldh1a1,1
AD,mouse,16,APOA4,Apoa4,2
AD,mouse,16,NSFL1C,Nsfl1c,3
AD,mouse,16,ALDH2,Aldh2,28
AD,mouse,16,TF,Trf,9
AD,mouse,16,RAF1,Raf1,1
AD,mouse,16,TFB1M,Tfb1m,1
AD,mouse,16,APOA2,Apoa2,4
AD,mouse,16,A2M,A2m,7
AD,mouse,16,HADHA,Hadha,1
AD,mouse,16,ALDH6A1,Aldh6a1,1
AD,mouse,16,SERPINA1,"Serpina1b, Serpina1c",3
AD,mouse,17,CSTF2,Cstf2,1
AD,mouse,17,FUT8,Fut8,1
AD,mouse,17,YBX1,Ybx1,1
AD,mouse,17,SLC30A3,Slc30a3,1
AD,mouse,17,NCAM1,Ncam1,6
AD,mouse,17,ARL15,Arl15,1
AD,mouse,17,ECEL1,Ecel1,2
AD,mouse,17,SLC30A4,Slc30a4,2
AD,mouse,17,OTUB1,Otub1,4
AD,mouse,17,IREB2,Ireb2,6
AD,mouse,17,SPAG9,Spag9,1
AD,mouse,17,HFE,Hfe,1
AD,mouse,17,METTL9,Mettl9,1
AD,mouse,17,EIF5,Eif5,1
AD,mouse,18,ATP2B2,Atp2b2,2
AD,mouse,18,EIF3F,Eif3f,1
AD,mouse,18,WWP2,Wwp2,1
AD,mouse,18,TGFBR2,Tgfbr2,2
AD,mouse,18,MAOB,Maob,9
AD,mouse,18,NDUFA13,Ndufa13,3
AD,mouse,18,DNMT1,Dnmt1,1
AD,mouse,18,CLU,Clu,33
AD,mouse,18,PTPN2,Ptpn2,1
AD,mouse,18,HES1,Hes1,1
AD,mouse,18,STAT3,Stat3,35
AD,mouse,18,MYOF,Myof,2
AD,mouse,18,ECH1,Ech1,1
AD,mouse,18,ANXA2,Anxa2,2
AD,mouse,18,TWIST1,Twist1,1
AD,mouse,18,FOS,Fos,3
AD,mouse,18,MAPK3,Mapk3,2
AD,mouse,18,MAOA,Maoa,8
AD,mouse,18,MSRB1,Msrb1,1
AD,mouse,18,PTPRF,Ptprf,1
AD,mouse,18,BICD1,Bicd1,3
AD,mouse,18,SRI,Sri,1
AD,mouse,18,IRAK1,Irak1,3
AD,mouse,18,IL6ST,Il6st,1
AD,mouse,18,EIF4EBP1,Eif4ebp1,1
AD,mouse,18,BMX,Bmx,1
AD,mouse,18,ULK1,Ulk1,2
AD,mouse,18,ATP7B,Atp7b,2
AD,mouse,18,PDIA3,Pdia3,7
AD,mouse,18,CORO1A,Coro1a,1
AD,mouse,18,RET,Ret,2
AD,mouse,18,MRPS31,Mrps31,2
AD,mouse,19,VLDLR,Vldlr,9
AD,mouse,19,ABI2,Abi2,1
AD,mouse,19,DLD,Dld,3
AD,mouse,19,GRN,Grn,60
AD,mouse,19,OTUD5,Otud5,1
AD,mouse,19,MYLIP,Mylip,3
AD,mouse,19,IKBKG,Ikbkg,6
AD,mouse,19,ERBB3,Erbb3,1
AD,mouse,19,DAB1,Dab1,6
AD,mouse,19,TLE3,Tle3,1
AD,mouse,19,LEP,Lep,3
AD,mouse,19,LRRC4C,Lrrc4c,1
AD,mouse,19,SYT1,Syt1,1
AD,mouse,19,ITSN1,Itsn1,2
AD,mouse,19,LDLR,Ldlr,8
AD,mouse,19,RELN,Reln,13
AD,mouse,19,SORL1,Sorl1,11
AD,mouse,19,COX6B1,Cox6b1,1
AD,mouse,20,NCSTN,Ncstn,51
AD,mouse,20,CHCHD3,Chchd3,2
AD,mouse,20,ITPR1,Itpr1,1
AD,mouse,20,VDAC1,Vdac1,2
AD,mouse,20,CASS4,Cass4,4
AD,mouse,20,NDUFA4,Ndufa4,1
AD,mouse,20,PSEN1,Psen1,23
AD,mouse,20,ACTA1,Acta1,1
AD,mouse,20,OCIAD1,Ociad1,1
AD,mouse,20,SLC25A4,Slc25a4,3
AD,mouse,20,NOTCH1,Notch1,2
AD,mouse,20,DES,Des,1
AD,mouse,20,NOS3,Nos3,12
AD,mouse,20,RTN4,Rtn4,1
AD,mouse,20,BNIP3,Bnip3,1
AD,mouse,20,PSMA5,Psma5,1
AD,mouse,20,NEFL,Nefl,3
AD,mouse,20,CDK1,Cdk1,2
AD,mouse,20,UBQLN1,Ubqln1,1
AD,mouse,20,MCL1,Mcl1,3
AD,mouse,20,HIF1A,Hif1a,2
AD,mouse,20,BAK1,Bak1,1
AD,mouse,20,TPP1,Tpp1,6
AD,mouse,20,APOE,Apoe,29
AD,mouse,20,APH1A,Aph1a,4
AD,mouse,20,PSENEN,Psenen,2
AD,mouse,20,NDUFS1,Ndufs1,3
AD,mouse,20,BRCA1,Brca1,1
AD,mouse,20,BAD,Bad,2
AD,mouse,20,NEFH,Nefh,2
AD,mouse,20,PHB2,Phb2,1
AD,mouse,20,VDAC3,Vdac3,1
AD,mouse,20,PSMD2,Psmd2,2
AD,mouse,20,PPID,Ppid,1
AD,mouse,20,CDH1,Cdh1,2
AD,mouse,20,CTNND1,Ctnnd1,3
AD,mouse,20,CALD1,Cald1,1
AD,mouse,20,EEF1A2,Eef1a2,2
AD,mouse,20,RAD9A,Rad9a,1
AD,mouse,20,RPL4,Rpl4,1
AD,mouse,20,NDUFV1,Ndufv1,2
AD,mouse,20,PSEN2,Psen2,10
AD,mouse,20,EPOR,Epor,1
AD,mouse,20,CYC1,Cyc1,3
AD,mouse,20,CPT1A,Cpt1a,1
AD,mouse,20,BCL2L2,Bcl2l2,1
AD,mouse,20,COX4I1,Cox4i1,2
AD,mouse,20,NES,Nes,2
AD,mouse,20,RAB7A,Rab7,3
AD,mouse,20,INA,Ina,2
AD,mouse,20,KRT8,Krt8,1
AD,mouse,20,GFAP,Gfap,4
AD,mouse,20,SH3GLB1,Sh3glb1,1
AD,mouse,20,BAX,Bax,19
AD,mouse,20,BCL2L1,Bcl2l1,2
AD,mouse,20,UQCRC1,Uqcrc1,74
AD,mouse,20,ACTG1,Actg1,5
AD,mouse,20,HERPUD1,Herpud1,2
AD,mouse,20,SLC25A16,Slc25a16,1
AD,mouse,20,LONP1,Lonp1,1
AD,mouse,20,BECN1,Becn1,2
AD,mouse,20,C9,C9,1
AD,mouse,20,GCDH,Gcdh,1
AD,mouse,20,UQCRH,Uqcrh,2
AD,mouse,20,ST13,St13,4
AD,mouse,20,PSMB1,Psmb1,2
AD,mouse,20,TOMM40,Tomm40,4
AD,mouse,20,TGFBR1,Tgfbr1,1
AD,mouse,20,RAB1B,Rab1b,1
AD,mouse,20,NDUFV2,Ndufv2,5
AD,mouse,20,TIMM50,Timm50,1
AD,mouse,20,SNRPD2,Snrpd2,2
AD,mouse,20,USP7,Usp7,12
AD,mouse,20,FHL2,Fhl2,1
AD,mouse,20,UQCRC2,Uqcrc2,1
AD,mouse,20,BCL2,Bcl2,31
AD,mouse,20,CCDC120,Ccdc120,1
AD,mouse,20,PDHA1,Pdha1,1
AD,mouse,20,NDUFS5,Ndufs5,3
AD,mouse,20,DYNC1H1,Dync1h1,1
AD,mouse,21,PAWR,Pawr,2
AD,mouse,21,MBL2,Mbl2,2
AD,mouse,21,RPS5,Rps5,1
AD,mouse,21,ALDOA,Aldoa,2
AD,mouse,21,RPL12,Rpl12,3
AD,mouse,21,DDX3X,Ddx3x,1
AD,mouse,21,NOS1,Nos1,26
AD,mouse,21,WT1,Wt1,3
AD,mouse,21,UCHL1,Uchl1,34
AD,mouse,21,HSPA9,Hspa9,2
AD,mouse,21,ENO1,"Eno1, Eno1b",35
AD,mouse,21,CUL4B,Cul4b,3
AD,mouse,21,ACTC1,Actc1,2
AD,mouse,21,UBB,Ubb,2
AD,mouse,21,ENO2,Eno2,1
AD,mouse,21,SOX2,Sox2,1
AD,mouse,21,LAMC1,Lamc1,1
AD,mouse,21,DDB1,Ddb1,1
AD,mouse,21,ENO3,Eno3,3
AD,mouse,21,NIT2,Nit2,1
AD,mouse,21,PFN1,Pfn1,3
AD,mouse,21,PGK1,Pgk1,2
AD,mouse,21,ETFA,Etfa,3
AD,mouse,21,INPPL1,Inppl1,1
AD,mouse,21,UBA52,Uba52,2
AD,mouse,21,LANCL2,Lancl2,2
AD,mouse,21,TUBA1A,Tuba1a,6
AD,mouse,21,PARK7,Park7,3
AD,mouse,21,HINT1,Hint1,1
AD,mouse,21,PKM,Pkm,2
AD,mouse,21,PPP1R13B,Ppp1r13b,1
AD,mouse,21,GRIA2,Gria2,1
AD,mouse,21,LAMP2,Lamp2,1
AD,mouse,21,PGM2,Pgm2,1
AD,mouse,21,CDC27,Cdc27,1
AD,mouse,21,HNRNPU,Hnrnpu,2
AD,mouse,21,HSPE1,Hspe1,2
AD,mouse,21,TPI1,Tpi1,59
AD,mouse,21,USP11,Usp11,1
AD,mouse,21,CAND1,Cand1,2
AD,mouse,21,U2AF2,U2af2,1
AD,mouse,21,SNTA1,Snta1,2
AD,mouse,21,RPS6,Rps6,1
AD,mouse,21,ABAT,Abat,11
AD,mouse,21,PGAM1,Pgam1,2
AD,mouse,21,AKT2,Akt2,1
AD,mouse,21,TRAP1,Trap1,1
AD,mouse,21,ATXN1,Atxn1,11
AD,mouse,21,SOD2,Sod2,14
AD,mouse,21,PABPN1,Pabpn1,1
AD,mouse,21,GAPDH,Gapdh,62
AD,mouse,21,TP53,Trp53,8
AD,mouse,21,GPI,Gpi1,2
AD,mouse,21,ALDH7A1,Aldh7a1,1
AD,mouse,21,DVL3,Dvl3,2
AD,mouse,21,TKT,Tkt,3
AD,mouse,21,PSMA4,Psma4,2
AD,mouse,21,GSTM3,Gstm5,7
AD,mouse,21,OAT,Oat,3
AD,mouse,21,ASS1,Ass1,1
AD,mouse,21,PSMA3,Psma3,2
AD,mouse,21,MEN1,Men1,1
AD,mouse,21,ANXA5,Anxa5,1
AD,mouse,21,PRDX1,Prdx1,1
AD,mouse,21,EZH2,Ezh2,1
AD,mouse,21,HDAC2,Hdac2,1
AD,mouse,21,SIAH1,Siah1a,1
AD,mouse,21,PRMT1,Prmt1,1
AD,mouse,21,PSMD11,Psmd11,3
AD,mouse,21,DSTN,Dstn,1
AD,mouse,21,NIPSNAP1,Nipsnap1,2
AD,mouse,21,UBE3A,Ube3a,2
AD,mouse,22,COL1A1,Col1a1,1
AD,mouse,22,FN1,Fn1,3
AD,mouse,22,IGF2,Igf2,3
AD,mouse,22,IGFBP5,Igfbp5,1
AD,mouse,22,IGFBP3,Igfbp3,3
AD,mouse,22,RXRA,Rxra,2
AD,yeast,0,GTF2E2,TFA2,3
AD,yeast,0,KCNK5,TOK1,1
AD,yeast,0,MRPL3,MRPL9,1
AD,yeast,0,DNAJB12,HLJ1,1
AD,yeast,0,DCP2,DCP2,3
AD,yeast,0,CELF2,WHI3,7
AD,yeast,0,DDX55,SPB4,4
AD,yeast,0,RPL31,RPL31A,12
AD,yeast,0,NUAK2,"FRK1, KIN1, KIN2, KIN4, KKQ8, NPR1, PTK1, PTK2",6
AD,yeast,0,RPL3L,RPL3,1
AD,yeast,0,KCNAB1,"GCY1, YPR1",1
AD,yeast,0,RPS18,RPS18A,11
AD,yeast,0,DDX54,DBP10,18
AD,yeast,0,SNRNP70,SNP1,1
AD,yeast,0,SENP2,ULP1,5
AD,yeast,0,SLC2A2,"GAL2, HXT1, HXT10, HXT11, HXT13, HXT15, HXT16, HXT17, HXT2, HXT3, HXT4, HXT5, HXT6, HXT7, HXT8, HXT9, MAL11, MAL31, MPH2, MPH3, RGT2, SNF3, VPS73",71
AD,yeast,0,VAC14,VAC14,1
AD,yeast,0,MAK,SLT2,4
AD,yeast,0,CDC20,CDC20,1
AD,yeast,0,DDX10,HCA4,1
AD,yeast,0,TIGD1,PDC2,1
AD,yeast,0,UTP23,UTP23,1
AD,yeast,0,PP2D1,PTC5,1
AD,yeast,0,TSPYL1,"NAP1, VPS75",1
AD,yeast,0,CSNK1G1,"HRR25, YCK1, YCK2",4
AD,yeast,0,TAF6,TAF6,2
AD,yeast,0,UBA5,"TCD1, TCD2",2
AD,yeast,0,MFSD5,"QDR2, SGE1, SIT1, VBA5",2
AD,yeast,0,NAE1,"TCD1, TCD2",2
AD,yeast,0,ZNF622,REI1,1
AD,yeast,1,TNPO2,KAP104,1
AD,yeast,1,EIF2B3,GCD1,1
AD,yeast,1,RRP1,RRP1,1
AD,yeast,1,TIGD6,PDC2,1
AD,yeast,1,EIF2B4,GCD2,1
AD,yeast,1,EXOC5,SEC10,2
AD,yeast,1,EXOC7,EXO70,1
AD,yeast,1,EIF2B2,GCD7,2
AD,yeast,1,WDR13,GID7,5
AD,yeast,1,HSD3B2,GRE2,1
AD,yeast,1,EIF2B5,GCD6,1
AD,yeast,2,GGA2,GGA2,2
AD,yeast,2,TMED2,"EMP24, ERP1",1
AD,yeast,2,BNIP1,SEC20,1
AD,yeast,2,DDOST,WBP1,2
AD,yeast,2,HMOX1,HMX1,8
AD,yeast,2,POLR2A,RPO21,6
AD,yeast,2,PGRMC2,DAP1,24
AD,yeast,2,ATG9A,ATG9,8
AD,yeast,2,PGRMC1,DAP1,24
AD,yeast,2,SNAP91,"YAP1801, YAP1802",57
AD,yeast,2,SEC63,SEC63,3
AD,yeast,2,GGA1,GGA2,2
AD,yeast,2,LDHAL6B,MDH1,4
AD,yeast,2,CLTCL1,CHC1,7
AD,yeast,2,MAP2K7,PBS2,1
AD,yeast,2,HIP1R,SLA2,1
AD,yeast,2,AP2B1,APL6,1
AD,yeast,2,SEC62,SEC62,2
AD,yeast,2,CLTC,CHC1,7
AD,yeast,2,POMT2,PMT2,2
AD,yeast,2,HUWE1,TOM1,15
AD,yeast,2,NUP155,"NUP157, NUP170",17
AD,yeast,2,BMP2K,"ARK1, PRK1",2
AD,yeast,2,MAPK8,SLT2,4
AD,yeast,2,SLC2A7,"GAL2, HXT1, HXT10, HXT11, HXT13, HXT15, HXT16, HXT17, HXT2, HXT3, HXT4, HXT5, HXT6, HXT7, HXT8, HXT9, MAL11, MAL31, MPH2, MPH3, RGT2, SNF3, VPS73",71
AD,yeast,2,POLR2B,RPB2,3
AD,yeast,2,FURIN,PRB1,1
AD,yeast,2,VAPA,SCS2,2
AD,yeast,2,CDC20B,CDC20,1
AD,yeast,2,MPPE1,TED1,1
AD,yeast,2,ATP2A1,"PMA1, PMA2, PMR1",2
AD,yeast,2,SLC30A5,"MMT1, MMT2",15
AD,yeast,2,BPGM,"GPM1, GPM2",9
AD,yeast,2,EEF1A1,GCD11,1
AD,yeast,2,KAT5,ESA1,1
AD,yeast,2,DHCR7,ERG4,3
AD,yeast,2,CDC6,CDC6,3
AD,yeast,2,STT3B,STT3,1
AD,yeast,2,CYP51A1,ERG11,2
AD,yeast,2,HMGCR,"HMG1, HMG2",83
AD,yeast,2,ATP7A,"PMA1, PMA2, PMR1",2
AD,yeast,2,TMEM30A,LEM3,1
AD,yeast,2,SIL1,FES1,2
AD,yeast,2,PICALM,"YAP1801, YAP1802",57
AD,yeast,2,EPS15,EDE1,1
AD,yeast,2,TMEM30B,LEM3,1
AD,yeast,2,ARRDC3,"ALY2, CSR2, ECM21, ROD1",2
AD,yeast,2,FECH,HEM15,1
AD,yeast,2,PPP2R5D,RTS1,3
AD,yeast,2,LDHB,MDH1,4
AD,yeast,2,VAPB,SCS2,2
AD,yeast,2,POR,NCP1,2
AD,yeast,2,PATL1,PAT1,14
AD,yeast,2,RPL19,RPL19B,2
AD,yeast,2,SLC30A6,"MMT1, MMT2",15
AD,yeast,2,FMN2,BNI1,3
AD,yeast,3,GSPT1,GCD11,1
AD,yeast,3,VPS26A,PEP8,1
AD,yeast,3,TTC1,"TOM70, TOM71",4
AD,yeast,3,TWF2,TWF1,1
AD,yeast,3,TXNIP,"ALY2, CSR2, ECM21, ROD1",2
AD,yeast,3,HSPH1,"SSE1, SSE2",219
AD,yeast,3,PIK3C3,VPS34,1
AD,yeast,3,DNAJB6,HLJ1,1
AD,yeast,3,PSMD14,RPN11,20
AD,yeast,3,MAP2K2,MKK2,1
AD,yeast,3,DNAJB8,HLJ1,1
AD,yeast,3,TOMM34,"SGT1, STI1, TOM70, TOM71",9
AD,yeast,3,SH2D1B,"INP52, INP53",38
AD,yeast,3,DNAJB14,HLJ1,1
AD,yeast,3,CTPS1,URA7,3
AD,yeast,3,RPS6KA2,KIN82,1
AD,yeast,3,UBA6,"TCD1, TCD2",2
AD,yeast,3,GSTO2,"CAM1, TEF4",140
AD,yeast,3,UBR1,UBR2,2
AD,yeast,3,HAT1,HAT1,1
AD,yeast,3,YTHDF1,PHO92,5
AD,yeast,3,TUFM,TUF1,2
AD,yeast,3,PC,"PYC1, PYC2",2
AD,yeast,3,SPAG1,"TOM70, TOM71",4
AD,yeast,3,DNAJB5,HLJ1,1
AD,yeast,3,HSPA1L,"LHS1, SSE1, SSE2",219
AD,yeast,3,RMDN1,IPI1,2
AD,yeast,3,PRPF8,PRP8,1
AD,yeast,3,NCAPH,BRN1,1
AD,yeast,3,HSPA1A,"SSE1, SSE2",219
AD,yeast,4,DPYSL2,URA4,44
AD,yeast,4,RUVBL1,RVB1,14
AD,yeast,4,BIN2,"LSB1, PIN3, RVS167",251
AD,yeast,4,ENSA,"IGO1, IGO2",1
AD,yeast,4,DPYSL4,URA4,44
AD,yeast,4,NCAPD3,YCS4,1
AD,yeast,4,CRMP1,URA4,44
AD,yeast,4,DNAJB1,HLJ1,1
AD,yeast,4,RPS25,RPS25A,1
AD,yeast,4,EEF1D,EFB1,5
AD,yeast,4,GSTO1,"CAM1, TEF4",140
AD,yeast,4,PRPS1,"PRS2, PRS3",3
AD,yeast,4,RPS12,RPS12,13
AD,yeast,4,PDP1,PTC5,1
AD,yeast,4,PSMC3,RPT5,13
AD,yeast,4,DPYSL3,URA4,44
AD,yeast,4,KLHDC3,PMD1,1
AD,yeast,4,AMPH,"LSB1, PIN3, RVS167",251
AD,yeast,4,BIN1,"LSB1, PIN3, RVS167",251
AD,yeast,4,EEF2,EFT1,2
AD,yeast,4,DPYS,URA4,44
AD,yeast,4,DPYSL5,URA4,44
AD,yeast,4,ACTB,ACT1,6
AD,yeast,4,CAP1,SRV2,1
AD,yeast,5,HNRNPK,HEK2,19
AD,yeast,5,LZTR1,PMD1,1
AD,yeast,5,WIPF3,LAS17,8
AD,yeast,5,WIPF2,LAS17,8
AD,yeast,5,WIPF1,"LAS17, VRP1",8
AD,yeast,6,CAMKK2,"SAK1, TOS3",1
AD,yeast,6,VPS13A,VPS13,1
AD,yeast,6,CSNK2A1,CKA1,1
AD,yeast,6,ATP6V1A,VMA1,2
AD,yeast,6,EIF4G2,"TIF4631, TIF4632",8
AD,yeast,6,PSMD1,RPN2,1
AD,yeast,6,SLC2A1,"GAL2, HXT1, HXT10, HXT11, HXT13, HXT15, HXT16, HXT17, HXT2, HXT3, HXT4, HXT5, HXT6, HXT7, HXT8, HXT9, MAL11, MAL31, MPH2, MPH3, RGT2, SNF3, VPS73",71
AD,yeast,6,ATP2B3,"PMA1, PMA2, PMR1",2
AD,yeast,6,AAK1,"ARK1, PRK1",2
AD,yeast,6,RMDN3,IPI1,2
AD,yeast,6,ATP2B1,"PMA1, PMA2, PMR1",2
AD,yeast,6,GPS1,PCI8,1
AD,yeast,6,CERS6,LAG1,1
AD,yeast,6,IDH3A,IDH2,5
AD,yeast,6,RPSA,"RPS0A, RPS0B",10
AD,yeast,6,PRDX3,TSA1,6
AD,yeast,6,TOM1L2,GGA2,2
AD,yeast,6,SYNJ1,"INP52, INP53",38
AD,yeast,6,PPEF1,"PPH21, PPH22",3
AD,yeast,6,MAT2A,"SAM1, SAM2",2
AD,yeast,6,PLCB1,PLC1,17
AD,yeast,6,CARNS1,CYB2,1
AD,yeast,6,CYB5R3,PGA3,2
AD,yeast,6,ATP2B4,"PMA1, PMA2",2
AD,yeast,6,PPEF2,"PPH21, PPH22",3
AD,yeast,6,TNPO1,KAP104,1
AD,yeast,6,IPO5,"KAP104, PSE1",2
AD,yeast,6,ATP1A2,"PMA1, PMA2, PMR1",2
AD,yeast,6,ATP1A3,"PMA1, PMA2",2
AD,yeast,6,IDH2,"IDP1, IDP2",2
AD,yeast,6,USO1,USO1,2
AD,yeast,6,IDH1,"IDP1, IDP2",2
AD,yeast,6,DNAJB2,HLJ1,1
AD,yeast,6,EEF1G,"CAM1, TEF4",140
AD,yeast,6,MMS19,MET18,1
AD,yeast,6,AHCY,SAH1,2
AD,yeast,6,GDI1,GDI1,1
AD,yeast,6,MYLK,TDA1,2
AD,yeast,6,ALDH5A1,UGA2,1
AD,yeast,6,INF2,BNI1,3
AD,yeast,6,ATP12A,"PMA1, PMA2, PMR1",2
AD,yeast,6,RAD23B,RAD23,1
AD,yeast,6,LDHA,MDH1,4
AD,yeast,6,TOM1,GGA2,2
AD,yeast,6,VPS13C,VPS13,1
AD,yeast,6,DAPK1,TDA1,2
AD,yeast,6,MYL6,MLC1,1
AD,yeast,6,PSMD6,RPN7,1
AD,yeast,6,MYL6B,MLC1,1
AD,yeast,7,PPP2R2C,CDC55,100
AD,yeast,7,PPP2CB,"PPH21, PPH22",3
AD,yeast,7,ARPP19,"IGO1, IGO2",1
AD,yeast,7,TPT1,TMA19,6
AD,yeast,7,PPP2R2B,CDC55,100
AD,yeast,7,MAPK9,SLT2,4
AD,yeast,7,PSMC2,RPT1,2
AD,yeast,7,CCNI2,"CLB1, CLB3, CLB5, CLN2",1
AD,yeast,7,SGK1,"DBF2, DBF20",1
AD,yeast,7,PPP1CC,PPZ1,1
AD,yeast,7,PPP1CA,PPZ1,1
AD,yeast,7,PPP4C,PPH3,1
AD,yeast,7,PPP2R2D,CDC55,100
AD,yeast,7,CDK3,CDC28,4
AD,yeast,7,ATP6V1H,VMA13,1
AD,yeast,7,PLK1,CDC5,1
AD,yeast,7,G3BP2,BRE5,9
AD,yeast,7,PPP1CB,"PPH21, PPH22",3
AD,yeast,7,CSNK1A1,"YCK1, YCK2",4
AD,yeast,7,RPS14,"RPS14A, RPS14B",16
AD,yeast,7,PPIB,"CPR1, CPR3",6
AD,yeast,7,BRSK1,"FRK1, KIN1, KIN2, KIN4, KKQ8, NPR1, PTK1, PTK2",6
AD,yeast,7,UBA1,"TCD1, TCD2",2
AD,yeast,7,PPP2R1A,TPD3,1
AD,yeast,7,ALDH1L1,"ALD2, ALD3, ALD4, ALD5, ALD6",127
AD,yeast,7,RPS26,RPS26B,1
AD,yeast,7,CCND2,"CLB1, CLB3, CLB5, CLN2",1
AD,yeast,7,COG6,COG6,1
AD,yeast,7,MAPK11,SLT2,4
AD,yeast,7,PPP4R1,TPD3,1
AD,yeast,7,MAPK13,"HOG1, SLT2",6
AD,yeast,7,CCT4,CCT4,1
AD,yeast,7,CCT8,CCT8,2
AD,yeast,7,CCND3,"CLB1, CLB3, CLB5, CLN2",1
AD,yeast,7,YWHAE,BMH2,3
AD,yeast,7,CCT5,CCT5,1
AD,yeast,7,CCND1,"CLB1, CLB3, CLB5, CLN2",1
AD,yeast,7,PPP2CA,"PPH21, PPH22",3
AD,yeast,7,PPP2R1B,TPD3,1
AD,yeast,7,CCNA2,"CLB1, CLB3, CLB5, CLN2",1
AD,yeast,7,TCP1,TCP1,1
AD,yeast,7,YWHAG,BMH2,3
AD,yeast,7,CNPPD1,"PCL1, PCL2, PCL6, PCL9",2
AD,yeast,7,CCT3,CCT3,2
AD,yeast,7,CDK9,SGV1,3
AD,yeast,7,CSNK1D,"YCK1, YCK2",4
AD,yeast,7,CCNE1,"CLB1, CLB3, CLB5, CLN2",1
AD,yeast,7,CSNK1E,"YCK1, YCK2",4
AD,yeast,7,CCNI,"CLB1, CLB3, CLB5, CLN2",1
AD,yeast,7,YWHAH,BMH2,3
AD,yeast,7,FBXO42,PMD1,1
AD,yeast,8,PPM1B,PTC5,1
AD,yeast,8,POLR2D,RPB4,1
AD,yeast,8,MNAT1,TFB3,1
AD,yeast,8,PGK2,PGK1,7
AD,yeast,8,KDM5A,JHD2,15
AD,yeast,8,SRPK2,SLT2,4
AD,yeast,8,RAD50,RAD50,1
AD,yeast,8,OTUD4,OTU2,1
AD,yeast,8,WDR18,IPI3,1
AD,yeast,8,SRPK1,SLT2,4
AD,yeast,8,RPS15A,RPS22A,12
AD,yeast,8,G3BP1,BRE5,9
AD,yeast,8,RPL7,RPL7A,1
AD,yeast,8,PPP2R5A,RTS1,3
AD,yeast,8,NOC3L,NOC3,1
AD,yeast,8,POLR2C,RPB3,7
AD,yeast,8,PIN1,ESS1,2
AD,yeast,8,RAN,GSP1,4
AD,yeast,8,POLR2I,RPB9,1
AD,yeast,8,XRN2,RAT1,1
AD,yeast,8,FKBPL,FPR3,1
AD,yeast,8,RPLP0,RPP0,2
AD,yeast,8,KDM4B,JHD2,15
AD,yeast,8,TRRAP,TRA1,2
AD,yeast,8,DRG1,RBG1,1
AD,yeast,8,LPIN1,PAH1,1
AD,yeast,8,NOC2L,NOC2,1
AD,yeast,8,TAF9B,TAF9,3
AD,yeast,8,BYSL,ENP1,1
AD,yeast,8,EIF5A,HYP2,2
AD,yeast,8,HIRA,"HIR1, HIR2",1
AD,yeast,8,EIF3B,PRT1,3
AD,yeast,8,SRP54,SRP54,4
AD,yeast,8,SIRT1,SIR2,1
AD,yeast,8,TAF2,TAF2,1
AD,yeast,8,EIF6,TIF6,1
AD,yeast,8,MAP2K1,MKK2,1
AD,yeast,8,CARM1,HMT1,3
AD,yeast,8,UNC45A,"SGT1, TOM70, TOM71",4
AD,yeast,8,RRP12,RRP12,1
AD,yeast,8,SUPT6H,SPT6,1
AD,yeast,8,HSP90AA1,"HSC82, HSP82",33
AD,yeast,8,NGDN,LCP5,1
AD,yeast,8,HSPA4,"SSE1, SSE2",219
AD,yeast,8,PRPF19,PRP19,2
AD,yeast,8,ASH2L,BRE2,1
AD,yeast,8,SCYL2,SCY1,1
AD,yeast,8,DHX58,YRF1-1,1
AD,yeast,8,KDM5B,JHD2,15
AD,yeast,9,SLC2A4,"GAL2, HXT1, HXT10, HXT11, HXT13, HXT15, HXT16, HXT17, HXT2, HXT3, HXT4, HXT5, HXT6, HXT7, HXT8, HXT9, MAL11, MAL31, MPH2, MPH3, RGT2, SNF3, VPS73",71
AD,yeast,9,FAF1,UBX3,1
AD,yeast,9,MCM10,MCM10,1
AD,yeast,9,GPD1L,"GPD1, GPD2",2
AD,yeast,9,MTG2,MTG2,1
AD,yeast,9,COPS2,RPN6,1
AD,yeast,10,CDC45,CDC45,1
AD,yeast,10,SIK1,"FRK1, KIN1, KIN2, KIN4, KKQ8, NPR1, PTK1, PTK2",6
AD,yeast,10,ORC2,ORC2,1
AD,yeast,10,VRK1,"HRR25, YCK1, YCK2",4
AD,yeast,10,MAPK7,SLT2,4
AD,yeast,10,MYBL2,REB1,2
AD,yeast,10,ORC1,"ORC1, SIR3",5
AD,yeast,10,ESCO2,ECO1,1
AD,yeast,10,EIF2S2,SUI3,1
AD,yeast,10,EIF2S1,SUI2,118
AD,yeast,10,CDC7,CDC7,1
AD,yeast,10,CERS2,LAG1,1
AD,yeast,10,PRPS2,"PRS2, PRS3",3
AD,yeast,10,MCM7,MCM7,3
AD,yeast,10,POLA1,POL1,3
AD,yeast,10,LAS1L,LAS1,1
AD,yeast,10,GINS3,PSF3,1
AD,yeast,10,SYVN1,HRD1,5
AD,yeast,10,XRN1,XRN1,336
AD,yeast,10,CCNF,"CLB1, CLB3, CLB5, CLN2",1
AD,yeast,10,POLA2,POL12,1
AD,yeast,10,ZFP36,TIS11,1
AD,yeast,10,SUPT16H,SPT16,4
AD,yeast,10,RPL7L1,RPL7A,1
AD,yeast,10,UPF1,NAM7,3
AD,yeast,10,NCAPD2,YCS4,1
AD,yeast,10,TIMELESS,TOF1,2
AD,yeast,10,LSM4,LSM4,1
AD,yeast,10,RSF1,ESA1,1
AD,yeast,10,EXOSC10,RRP6,8
AD,yeast,10,POLE,POL2,3
AD,yeast,10,DBF4,DBF4,2
AD,yeast,10,BUB1B,BUB1,1
AD,yeast,10,RFC2,RFC4,1
AD,yeast,10,ORC5,ORC5,1
AD,yeast,10,NVL,RIX7,1
AD,yeast,10,NAT10,KRE33,1
AD,yeast,10,ATAD2,YTA7,2
AD,yeast,10,MCM6,MCM6,5
AD,yeast,10,EIF2S3,GCD11,1
AD,yeast,10,IPO4,KAP123,5
AD,yeast,10,SENP3,ULP1,5
AD,yeast,10,ARPC2,ARC35,1
AD,yeast,10,SUPT5H,SPT5,2
AD,yeast,10,MCM4,MCM4,3
AD,yeast,10,SURF4,ERV29,3
AD,yeast,10,GINS4,SLD5,1
AD,yeast,10,ORC4,ORC4,2
AD,yeast,10,RPA1,RFA1,2
AD,yeast,10,RRP1B,RRP1,1
AD,yeast,10,MCM2,MCM2,153
AD,yeast,10,MCM3,MCM3,2
AD,yeast,10,TRIP12,UFD4,2
AD,yeast,10,MCM5,MCM5,2
AD,yeast,10,MAD2L2,MAD2,2
AD,yeast,10,ERCC6,RAD26,2
AD,yeast,11,PTGES3,SBA1,2
AD,yeast,11,GK,GUT1,1
AD,yeast,11,CCT2,CCT2,1
AD,yeast,11,LSM14B,SCD6,4
AD,yeast,11,TAB1,PTC5,1
AD,yeast,11,GUF1,GUF1,1
AD,yeast,12,STK38,CBK1,2
AD,yeast,12,LSM5,LSM5,1
AD,yeast,13,NMD3,NMD3,1
AD,yeast,13,RPS11,RPS11B,1
AD,yeast,13,UBXN2B,SHP1,2
AD,yeast,13,ANKZF1,VMS1,1
AD,yeast,13,KPNB1,KAP95,1
AD,yeast,13,AKR1B1,"GCY1, YPR1",1
AD,yeast,13,SIRT2,HST2,5
AD,yeast,13,DMXL2,RAV1,1
AD,yeast,13,SIK2,"FRK1, KIN1, KIN2, KIN4, KKQ8, NPR1, PTK1, PTK2",6
AD,yeast,13,RPS8,RPS8A,6
AD,yeast,13,EIF2AK3,GCN2,3
AD,yeast,13,TAP1,"MDL1, MDL2",19
AD,yeast,13,GSTZ1,"CAM1, TEF4",140
AD,yeast,13,UBE2G2,UBC7,1
AD,yeast,13,RPS13,RPS13,8
AD,yeast,13,TAP2,"MDL1, MDL2",19
AD,yeast,13,PSMC4,RPT3,1
AD,yeast,13,NPLOC4,NPL4,1
AD,yeast,13,PSMA2,PRE8,6
AD,yeast,13,GINS1,PSF1,1
AD,yeast,13,UBXN2A,SHP1,2
AD,yeast,13,CRYZL1,"ADH1, ADH2, ADH3",3
AD,yeast,13,BRSK2,"FRK1, GIN4, KCC4, KIN1, KIN2, KIN4, KKQ8, NPR1, PTK1, PTK2",6
AD,yeast,13,RPL18A,RPL20A,1
AD,yeast,13,INSIG1,NSG1,2
AD,yeast,13,PSMD4,RPN10,14
AD,yeast,13,RPL24,RPL24A,1
AD,yeast,13,RPS3,RPS3,16
AD,yeast,13,PLAA,DOA1,1
AD,yeast,13,INSIG2,NSG1,2
AD,yeast,13,PSMA1,PRE5,1
AD,yeast,13,CNBP,GIS2,17
AD,yeast,13,DERL1,DFM1,2
AD,yeast,13,LRP2BP,HRD3,2
AD,yeast,13,UBE2I,UBC9,1
AD,yeast,13,PSMB2,PRE1,3
AD,yeast,13,RPL13,RPL13A,1
AD,yeast,13,ATXN7,SGF73,1
AD,yeast,13,GLUL,GLN1,68
AD,yeast,13,DERL2,DFM1,2
AD,yeast,13,PYCR2,PRO3,3
AD,yeast,13,COPS3,RPN3,2
AD,yeast,13,UBXN11,SHP1,2
AD,yeast,13,CNIH4,ERV14,4
AD,yeast,13,SQLE,ERG1,2
AD,yeast,13,HDLBP,SCP160,7
AD,yeast,14,HGS,GGA2,2
AD,yeast,14,WDR6,RTT10,1
AD,yeast,14,EGR1,"STP3, STP4",18
AD,yeast,14,RPS6KB1,KIN82,1
AD,yeast,14,RPS6KA3,KIN82,1
AD,yeast,14,PRDX4,TSA1,6
AD,yeast,14,SEC61A1,"SEC61, SSH1",25
AD,yeast,14,EXOC4,SEC8,1
AD,yeast,14,SH2D1A,"INP52, INP53",38
AD,yeast,14,PFKP,PFK2,5
AD,yeast,14,ATP1A1,"PMA1, PMA2",2
AD,yeast,14,INPP5D,"INP52, INP53",38
AD,yeast,14,HYOU1,LHS1,2
AD,yeast,14,HSP90B1,"HSC82, HSP82",33
AD,yeast,14,PRKACB,BCY1,7
AD,yeast,14,SF1,MSL5,1
AD,yeast,14,YME1L1,YME1,1
AD,yeast,14,ACSL4,FAT1,3
AD,yeast,14,PCSK9,PRB1,1
AD,yeast,14,GGA3,GGA2,2
AD,yeast,14,MRPL12,MNP1,1
AD,yeast,14,DNAJA2,YDJ1,8
AD,yeast,14,ATP2A2,"PMA1, PMA2, PMR1",2
AD,yeast,14,DIAPH3,BNI1,3
AD,yeast,14,SORT1,"PEP1, VTH1, VTH2",59
AD,yeast,14,HSPA4L,"SSE1, SSE2",219
AD,yeast,14,SCFD1,SLY1,2
AD,yeast,14,HSPA6,"LHS1, SSE1, SSE2",219
AD,yeast,14,ILVBL,PDC1,10
AD,yeast,14,SORCS3,"PEP1, VTH1, VTH2",59
AD,yeast,14,PLCG2,PLC1,17
AD,yeast,14,HSPA1B,"SSE1, SSE2",219
AD,yeast,14,MAPK1,SLT2,4
AD,yeast,14,PLCG1,PLC1,17
AD,yeast,14,TMX1,PDI1,5
AD,yeast,14,HSPBP1,FES1,2
AD,yeast,14,RAD51,RAD51,2
AD,yeast,14,NEDD8,RUB1,1
AD,yeast,14,PYGB,GPH1,1
AD,yeast,14,RPS6KA1,KIN82,1
AD,yeast,14,MAD2L1,MAD2,2
AD,yeast,14,HSPA8,"SSE1, SSE2",219
AD,yeast,14,PPM1A,PTC5,1
AD,yeast,14,SETX,SEN1,2
AD,yeast,14,SDF2L1,PMT1,5
AD,yeast,14,DKC1,CBF5,1
AD,yeast,14,LMAN2L,EMP47,1
AD,yeast,14,PSMD3,RPN3,2
AD,yeast,14,HSPA2,"SSB1, SSB2",35
AD,yeast,14,HSP90AB1,"HSC82, HSP82",33
AD,yeast,14,RPL11,MRPL7,1
AD,yeast,14,SEC24A,SEC24,1
AD,yeast,14,PYGL,GPH1,1
AD,yeast,14,STUB1,"TOM70, TOM71",4
AD,yeast,14,XPO1,CRM1,19
AD,yeast,14,LLGL1,SRO77,1
AD,yeast,14,STAM,GGA2,2
AD,yeast,14,STIP1,"TOM70, TOM71",4
AD,yeast,14,RANBP9,VID30,6
AD,yeast,14,TOM1L1,GGA2,2
AD,yeast,14,RASA1,"IRA1, IRA2",3
AD,yeast,14,SEC24B,SEC24,1
AD,yeast,14,P4HB,PDI1,5
AD,yeast,14,FTSJ1,TRM7,2
AD,yeast,14,MOGS,CWH41,2
AD,yeast,14,DAB2IP,"IRA1, IRA2",3
AD,yeast,14,RPTOR,KOG1,2
AD,yeast,14,TECR,TSC13,1
AD,yeast,14,SUGT1,"SGT1, TOM70, TOM71",4
AD,yeast,15,GSK3B,"MRK1, RIM11",72
AD,yeast,15,PPP3CC,"PPH21, PPH22",3
AD,yeast,15,PPP3R1,CNB1,50
AD,yeast,15,GSK3A,"MRK1, RIM11",72
AD,yeast,15,PDHB,PDB1,2
AD,yeast,15,PPP6R3,"SAP185, SAP190, SAP4",2
AD,yeast,15,VPS13D,VPS13,1
AD,yeast,15,RPS2,RPS2,11
AD,yeast,15,PPP3CB,"PPH21, PPH22",3
AD,yeast,15,PPP6R1,"SAP185, SAP190, SAP4",2
AD,yeast,15,PPP3CA,"PPH21, PPH22",3
AD,yeast,15,SGK3,"DBF2, DBF20",1
AD,yeast,16,OGDH,KGD1,4
AD,yeast,16,MAPK6,SLT2,4
AD,yeast,16,DLAT,LAT1,1
AD,yeast,16,CS,CIT1,1
AD,yeast,16,GOT1,AAT2,3
AD,yeast,16,HSCB,JAC1,1
AD,yeast,16,GOT1L1,AAT2,3
AD,yeast,16,DLST,KGD2,75
AD,yeast,16,ALDH1B1,"ALD2, ALD3, ALD4, ALD5, ALD6",127
AD,yeast,16,MDH2,MDH2,1
AD,yeast,16,ALDH1A2,"ALD2, ALD3, ALD4, ALD5, ALD6",127
AD,yeast,16,CCT7,CCT7,1
AD,yeast,16,HSPD1,HSP60,3
AD,yeast,16,IDE,STE23,20
AD,yeast,16,ALDH1A1,"ALD2, ALD3, ALD4, ALD5, ALD6",127
AD,yeast,16,NSFL1C,SHP1,2
AD,yeast,16,ALDH2,"ALD2, ALD3, ALD4, ALD5, ALD6",127
AD,yeast,16,ALDH6A1,"ALD2, ALD3, ALD4, ALD6",127
AD,yeast,17,CSTF2,RNA15,1
AD,yeast,17,PRPF40A,PRP40,1
AD,yeast,17,SLC30A3,"COT1, MMT1, MMT2, ZRC1",15
AD,yeast,17,ALDH3B1,"ALD2, ALD3, ALD4, ALD5, ALD6",127
AD,yeast,17,SLC30A4,"MMT1, MMT2",15
AD,yeast,17,MLST8,LST8,2
AD,yeast,17,PDS5B,PDS5,3
AD,yeast,17,EIF5,TIF5,1
AD,yeast,17,PDS5A,PDS5,3
AD,yeast,18,ATP2B2,"PMA1, PMA2, PMR1",2
AD,yeast,18,RPS9,RPS9A,7
AD,yeast,18,MAOB,FMS1,9
AD,yeast,18,COPA,COP1,2
AD,yeast,18,OGDHL,KGD1,4
AD,yeast,18,HES1,PHO4,1
AD,yeast,18,COPB2,SEC27,2
AD,yeast,18,MAPK3,SLT2,4
AD,yeast,18,HES5,PHO4,1
AD,yeast,18,TRIP10,BZZ1,4
AD,yeast,18,ATP7B,"PMA1, PMA2",2
AD,yeast,18,PDIA3,PDI1,5
AD,yeast,18,ELP2,ELP2,1
AD,yeast,19,DLD,IRC15,1
AD,yeast,19,GLRX3,GRX3,1
AD,yeast,19,AHCYL2,SAH1,2
AD,yeast,19,NLK,SLT2,4
AD,yeast,19,ITSN1,EDE1,1
AD,yeast,19,SGTA,"SGT1, TOM70, TOM71",4
AD,yeast,19,EDC3,EDC3,1
AD,yeast,19,SORL1,"PEP1, VTH1, VTH2",59
AD,yeast,19,COX6B1,COX12,1
AD,yeast,20,VDAC1,"POR1, POR2",8
AD,yeast,20,OMA1,OMA1,1
AD,yeast,20,BCAP31,"YET1, YET3",6
AD,yeast,20,SKP1,SKP1,2
AD,yeast,20,SAMM50,SAM50,20
AD,yeast,20,TOMM20,TOM20,2
AD,yeast,20,CDK1,CDC28,4
AD,yeast,20,WDR76,CMR1,8
AD,yeast,20,VDAC2,"POR1, POR2",8
AD,yeast,20,PHB2,PHB2,2
AD,yeast,20,VDAC3,"POR1, POR2",8
AD,yeast,20,PSMD2,RPN1,14
AD,yeast,20,EEF1A2,GCD11,1
AD,yeast,20,RPL4,"RPL4A, RPL4B",2
AD,yeast,20,CYC1,CYT1,1
AD,yeast,20,COX4I1,"COX5A, COX5B",1
AD,yeast,20,EMC2,EMC2,1
AD,yeast,20,TMBIM6,BXI1,1
AD,yeast,20,UQCRC1,"AXL1, QCR2",118
AD,yeast,20,ACTG1,ACT1,6
AD,yeast,20,UQCRB,QCR7,2
AD,yeast,20,TOMM22,TOM22,7
AD,yeast,20,LONP1,PIM1,10
AD,yeast,20,BECN1,VPS30,2
AD,yeast,20,UQCRH,QCR6,1
AD,yeast,20,ST13,"SGT1, TOM70, TOM71",4
AD,yeast,20,TOMM40,TOM40,109
AD,yeast,20,TIMM50,TIM50,1
AD,yeast,20,USP7,UBP14,1
AD,yeast,20,UQCRQ,QCR8,1
AD,yeast,20,UQCRC2,"AXL1, QCR2",118
AD,yeast,20,PDHA1,PDA1,4
AD,yeast,20,DYNC1H1,DYN1,1
AD,yeast,21,PPIA,"CPR1, CPR3",6
AD,yeast,21,RPL30,RPL30,2
AD,yeast,21,WDR82,SWD2,1
AD,yeast,21,WT1,"STP3, STP4",18
AD,yeast,21,UCHL1,YUH1,17
AD,yeast,21,HSPA9,SSC1,16
AD,yeast,21,ENO1,"ENO1, ENO2, ERR1, ERR2, ERR3",232
AD,yeast,21,UBB,UBI4,7
AD,yeast,21,ENO2,"ENO1, ENO2, ERR1, ERR2, ERR3",232
AD,yeast,21,ENO3,"ENO1, ENO2, ERR1, ERR2, ERR3",232
AD,yeast,21,PGK1,PGK1,7
AD,yeast,21,ETFA,AIM45,1
AD,yeast,21,INPPL1,"INP52, INP53",38
AD,yeast,21,UBA52,"RPL40A, RPL40B",1
AD,yeast,21,PKM,CDC19,9
AD,yeast,21,CHKA,CKI1,1
AD,yeast,21,HNRNPM,"GBP2, HRB1",1
AD,yeast,21,UBR2,UBR2,2
AD,yeast,21,CDC27,CDC27,1
AD,yeast,21,HSPE1,HSP10,4
AD,yeast,21,TPI1,TPI1,151
AD,yeast,21,CCNB1,"CLB1, CLB3, CLB5, CLN2",1
AD,yeast,21,RPS6,RPS6A,8
AD,yeast,21,ABAT,UGA1,14
AD,yeast,21,PGAM1,"GPM1, GPM2",9
AD,yeast,21,TRAP1,"HSC82, HSP82",33
AD,yeast,21,EMC1,EMC1,2
AD,yeast,21,GAPDH,"TDH1, TDH2, TDH3",220
AD,yeast,21,GPI,PGI1,9
AD,yeast,21,ALDH7A1,"ALD2, ALD3, ALD4, ALD6",127
AD,yeast,21,PLS1,SAC6,1
AD,yeast,21,ASS1,ARG1,1
AD,yeast,21,PSMA3,PRE10,1
AD,yeast,21,PRMT1,HMT1,3
AD,yeast,21,PSMD11,RPN6,1
AD,yeast,21,DSTN,COF1,7
AD,fly,0,ING2,CG7379,1
AD,fly,0,CES2,"Est-6, Glt, Jhe, alpha-Est1, alpha-Est2, alpha-Est3, alpha-Est5, alpha-Est7, alpha-Est9",46
AD,fly,0,RPL3L,RpL3,1
AD,fly,0,KIF2C,Klp10A,1
AD,fly,0,APP,Appl,8
AD,fly,0,CES3,"Est-6, Glt, Jhe, alpha-Est1, alpha-Est2, alpha-Est3, alpha-Est5, alpha-Est7, alpha-Est9",46
AD,fly,0,DDX54,CG32344,1
AD,fly,0,OPA1,Opa1,2
AD,fly,0,SLC2A2,"CG14606, CG33281, CG6484, Tret1-1, sut1, sut2",4
AD,fly,0,DNAJC30,CG10565,1
AD,fly,0,ZNF107,CG7101,1
AD,fly,0,KIF3B,Klp68D,1
AD,fly,0,PP2D1,CG10376,1
AD,fly,0,TSPYL1,Nap1,1
AD,fly,0,MRPS18A,mRpS18A,1
AD,fly,0,DLGAP5,mars,1
AD,fly,0,KIF3A,Klp64D,1
AD,fly,0,NAE1,APP-BP1,1
AD,fly,0,RASGEF1B,CG4853,1
AD,fly,0,FRMD6,cora,3
AD,fly,1,EXOC8,Exo84,1
AD,fly,1,DNAH10,Dhc98D,1
AD,fly,1,COMMD3,CG12106,1
AD,fly,1,CKAP5,msps,1
AD,fly,1,DYNC2H1,btv,1
AD,fly,1,EXOC5,Sec10,2
AD,fly,1,CALM3,TpnC4,14
AD,fly,2,GGA2,Gga,1
AD,fly,2,CANX,Cnx99A,3
AD,fly,2,TP63,p53,2
AD,fly,2,ECE1,"Nep3, Nep4",6
AD,fly,2,HSPA5,Hsc70-3,2
AD,fly,2,LRP4,arr,6
AD,fly,2,RPN2,OstDelta,2
AD,fly,2,PLIN3,Lsd-2,1
AD,fly,2,HMOX1,Ho,17
AD,fly,2,ADAM10,"kuz, mmd",19
AD,fly,2,CTSD,cathD,35
AD,fly,2,GRHPR,CG9331,1
AD,fly,2,PGRMC2,MSBP,3
AD,fly,2,ATG9A,Atg9,1
AD,fly,2,PGRMC1,MSBP,3
AD,fly,2,SNAP91,lap,10
AD,fly,2,GGA1,Gga,1
AD,fly,2,ADAM33,mmd,19
AD,fly,2,LRPAP1,CG8507,12
AD,fly,2,FLOT1,Flo1,1
AD,fly,2,PIK3C2A,"Pi3K68D, Pi3K92E",3
AD,fly,2,CLTCL1,Chc,5
AD,fly,2,ABCA2,"CG1801, CG31213, CG8908",2
AD,fly,2,CLTC,Chc,5
AD,fly,2,RAB11A,Rab11,1
AD,fly,2,RPN1,CG33303,3
AD,fly,2,RICTOR,rictor,4
AD,fly,2,NAPSA,"Bace, CG17134, CG6508",5
AD,fly,2,DAB2,Aplip1,2
AD,fly,2,SLC2A7,"CG14606, CG33281, CG6484, Tret1-1, sut1, sut2",4
AD,fly,2,SLC35B1,meigo,1
AD,fly,2,ADAM32,"kuz, mmd",19
AD,fly,2,TSHZ3,tsh,1
AD,fly,2,KIFAP3,Kap3,1
AD,fly,2,WWOX,Wwox,21
AD,fly,2,MAPK8IP2,Aplip1,2
AD,fly,2,LMLN,Invadolysin,2
AD,fly,2,RAB5C,Rab5,1
AD,fly,2,IGF2R,Lerp,1
AD,fly,2,TFCP2,gem,1
AD,fly,2,LRP8,arr,6
AD,fly,2,TP73,p53,2
AD,fly,2,CLK2,Doa,1
AD,fly,2,LRP1B,arr,6
AD,fly,2,CDC42,Cdc42,1
AD,fly,2,PICALM,lap,10
AD,fly,2,HRAS,Ras85D,1
AD,fly,2,LRP2,arr,6
AD,fly,2,RALBP1,Rlip,1
AD,fly,2,EPS15,Dap160,1
AD,fly,2,QTRT1,Tgt,1
AD,fly,2,RTN1,Rtnl1,4
AD,fly,2,APLP1,Appl,8
AD,fly,2,MAPK8IP1,Aplip1,2
AD,fly,2,TARDBP,TBPH,2
AD,fly,2,CLINT1,lqfR,1
AD,fly,2,DVL1,dsh,1
AD,fly,2,APLP2,Appl,8
AD,fly,2,BACE2,"Bace, CG17134, CG6508",5
AD,fly,2,ATAD3A,bor,2
AD,fly,3,RANBP1,Nup358,2
AD,fly,3,ANXA1,AnxB9,1
AD,fly,3,NUP98,Nup98-96,1
AD,fly,3,TPD52L2,CG5174,2
AD,fly,3,MAP2K2,Dsor1,1
AD,fly,3,TAGLN,"Chd64, Mp20",7
AD,fly,3,SH2D1B,"CG6805, CG9784, Synj",20
AD,fly,3,CNN2,"Chd64, Mp20",7
AD,fly,3,RPS6KA2,S6k,2
AD,fly,3,CUL2,Cul2,1
AD,fly,3,GSTO2,"Clic, GstD1, GstD10, GstD2, GstD3, GstD4, GstD5, GstD6, GstD7, GstD8, GstD9, GstE1, GstE10, GstE11, GstE12, GstE13, GstE3, GstE5, GstE6, GstE7, GstE8, GstO1, GstO2, GstO3, GstT1, GstT2, GstT3, se",63
AD,fly,3,RBP1,fabp,5
AD,fly,3,RBX1,Roc1a,1
AD,fly,3,TACC3,tacc,1
AD,fly,3,KCNIP4,"CG5890, CG7646",26
AD,fly,3,ECE2,"Nep3, Nep4",6
AD,fly,3,NCAPH,barr,1
AD,fly,4,TAGLN2,"Chd64, Mp20",7
AD,fly,4,BIN2,Amph,18
AD,fly,4,VSNL1,"CG5890, CG7646",26
AD,fly,4,IRS4,chico,30
AD,fly,4,MTM1,"CG14411, CG3632, CG5026",1
AD,fly,4,SCYL1,yata,1
AD,fly,4,EEF1D,eEF1delta,5
AD,fly,4,GSTO1,"Clic, GstD1, GstD10, GstD2, GstD3, GstD4, GstD5, GstD6, GstD7, GstD8, GstD9, GstE1, GstE10, GstE11, GstE12, GstE13, GstE3, GstE5, GstE6, GstE7, GstE8, GstT1, GstT2, GstT3",38
AD,fly,4,Tmod2,tmod,1
AD,fly,4,CALU,scf,4
AD,fly,4,PDP1,CG10376,1
AD,fly,4,PSMC3,Rpt5,2
AD,fly,4,FXR1,Fmr1,1
AD,fly,4,RABAC1,CG1418,1
AD,fly,4,AMPH,Amph,18
AD,fly,4,HNRNPL,sm,1
AD,fly,4,PREP,CG5355,1
AD,fly,4,BIN1,Amph,18
AD,fly,4,SQSTM1,ref(2)P,1
AD,fly,4,CAP1,capt,5
AD,fly,4,ARID1B,osa,1
AD,fly,4,SPRED2,"Spred, ena",48
AD,fly,4,EP300,nej,2
AD,fly,5,TTC28,CG43163,1
AD,fly,5,ENAH,"Spred, ena",48
AD,fly,5,MPO,Pxn,9
AD,fly,5,WASF3,SCAR,3
AD,fly,5,VASP,ena,48
AD,fly,5,TNIK,msn,1
AD,fly,5,MINK1,msn,1
AD,fly,5,EVL,"Spred, ena",48
AD,fly,5,WIPF1,Vrp1,1
AD,fly,5,PAK1,Pak,2
AD,fly,5,ABI3,Abi,24
AD,fly,5,SF3B4,Spx,1
AD,fly,5,WASF1,SCAR,3
AD,fly,5,WASF2,SCAR,3
AD,fly,5,NCKAP1,Hem,1
AD,fly,5,PAK2,Pak,2
AD,fly,5,NCS1,"CG5890, CG7646",26
AD,fly,5,BRK1,HSPC300,1
AD,fly,5,NCK2,dock,30
AD,fly,6,ANXA7,AnxB9,1
AD,fly,6,PACSIN2,Synd,3
AD,fly,6,TLN1,rhea,1
AD,fly,6,SLC2A1,"CG14606, CG33281, CG6484, Tret1-1, sut1, sut2",4
AD,fly,6,FLOT2,Flo2,1
AD,fly,6,CIT,sti,1
AD,fly,6,FDPS,Fpps,2
AD,fly,6,CALM1,TpnC4,14
AD,fly,6,RPSA,sta,1
AD,fly,6,TOM1L2,Gga,1
AD,fly,6,SYNJ1,"CG6805, CG9784, Synj",20
AD,fly,6,CALML3,TpnC4,14
AD,fly,6,EPB41L2,cora,3
AD,fly,6,ISYNA1,Inos,4
AD,fly,6,PLCB1,"Plc21C, sl",5
AD,fly,6,TLN2,rhea,1
AD,fly,6,UBR4,poe,1
AD,fly,6,TSC2,gig,1
AD,fly,6,ATP2B4,PMCA,1
AD,fly,6,EPB41L1,cora,3
AD,fly,6,TNPO1,CG8219,2
AD,fly,6,TJP2,pyd,1
AD,fly,6,ANXA6,AnxB9,1
AD,fly,6,GDI1,Gdi,4
AD,fly,6,SRCIN1,CG32809,2
AD,fly,6,CDC5L,Cdc5,1
AD,fly,6,TPM4,Tm2,3
AD,fly,6,TOM1,Gga,1
AD,fly,6,MYL6,Mlc-c,1
AD,fly,6,SBF1,"CG14411, CG3632, CG5026",1
AD,fly,6,CNN1,"Chd64, Mp20",7
AD,fly,6,MYL6B,Mlc-c,1
AD,fly,7,TPT1,Tctp,1
AD,fly,7,CLOCK,"Met, gce, tgo",19
AD,fly,7,YWHAB,14-3-3zeta,2
AD,fly,7,LPXN,Pax,1
AD,fly,7,CCNI2,"CycA, CycD, CycE",3
AD,fly,7,RPL14,RpL14,2
AD,fly,7,KIF5B,Khc,4
AD,fly,7,PPP1CA,Pp1-87B,1
AD,fly,7,CCDC6,CG6664,19
AD,fly,7,DTNBP1,Dysb,1
AD,fly,7,MAPK8IP3,syd,1
AD,fly,7,STXBP1,Rop,1
AD,fly,7,NFYC,Nf-YC,1
AD,fly,7,PPP1CB,flw,2
AD,fly,7,NR1D2,"EcR, Hr96",88
AD,fly,7,CDK5,Cdk5,43
AD,fly,7,PPP2R1A,Pp2A-29B,1
AD,fly,7,CABLES1,CG6191,1
AD,fly,7,CABLES2,CG6191,1
AD,fly,7,RPS26,RpS26,2
AD,fly,7,PACSIN1,Synd,3
AD,fly,7,FIBP,Fibp,1
AD,fly,7,CCND2,"CycD, CycE",3
AD,fly,7,PPP4R1,Pp2A-29B,1
AD,fly,7,RORC,"EcR, Hr96",88
AD,fly,7,CCND3,"CycA, CycD, CycE",3
AD,fly,7,YWHAE,14-3-3epsilon,3
AD,fly,7,KLC1,Klc,63
AD,fly,7,TPD52,CG5174,2
AD,fly,7,TAGLN3,"Chd64, Mp20",7
AD,fly,7,RORB,"EcR, Hr96",88
AD,fly,7,CCND1,"CycA, CycD, CycE",3
AD,fly,7,RARA,"EcR, Hr96",88
AD,fly,7,ZNF444,hb,1
AD,fly,7,PPP2R1B,Pp2A-29B,1
AD,fly,7,EPB41L3,cora,3
AD,fly,7,CCNA2,"CycD, CycE",3
AD,fly,7,YWHAG,14-3-3epsilon,3
AD,fly,7,PCNA,PCNA,4
AD,fly,7,TPM2,Tm2,3
AD,fly,7,CCNE1,"CycD, CycE",3
AD,fly,7,YWHAZ,14-3-3zeta,2
AD,fly,7,SERTAD4,CG2865,1
AD,fly,7,CCNI,"CycD, CycE",3
AD,fly,7,YWHAH,14-3-3epsilon,3
AD,fly,7,NPAS2,"Met, gce, tgo",19
AD,fly,8,NR2C1,"Hr78, usp",2
AD,fly,8,PGR,ERR,22
AD,fly,8,PPM1B,CG10376,1
AD,fly,8,NSD1,trr,1
AD,fly,8,RPL18,RpL18,1
AD,fly,8,MED14,MED14,1
AD,fly,8,MNAT1,Mat1,2
AD,fly,8,EPAS1,"sima, trh",5
AD,fly,8,PGK2,Pgk,3
AD,fly,8,NCOA1,tai,3
AD,fly,8,FMR1,Fmr1,1
AD,fly,8,PSMC5,Rpt6,1
AD,fly,8,TMOD3,tmod,1
AD,fly,8,RPS15A,RpS15Aa,1
AD,fly,8,NCOA3,tai,3
AD,fly,8,ESRRA,ERR,22
AD,fly,8,PPP2R5A,wdb,1
AD,fly,8,ESR2,ERR,22
AD,fly,8,NR1H2,"EcR, Hr96",88
AD,fly,8,MED13,skd,1
AD,fly,8,CTBP2,CG9331,1
AD,fly,8,EIF2AK2,Wee1,15
AD,fly,8,KMT2A,trr,1
AD,fly,8,CCNH,"CycH, CycT",1
AD,fly,8,RPLP0,RpLP0,2
AD,fly,8,FABP5,fabp,5
AD,fly,8,DNAJC21,CG10565,1
AD,fly,8,CTBP1,CG9331,1
AD,fly,8,TRRAP,Nipped-A,1
AD,fly,8,DNAJC3,CG10565,1
AD,fly,8,SMARCA2,brm,1
AD,fly,8,MED12,kto,1
AD,fly,8,NR2C2,"Hr78, usp",2
AD,fly,8,RPL7A,RpL7A,1
AD,fly,8,ZNF131,hb,1
AD,fly,8,RXRB,"Hr78, usp",2
AD,fly,8,EDF1,mbf1,4
AD,fly,8,NR1H3,"EcR, Hr96",88
AD,fly,8,VDR,"EcR, Hr96",88
AD,fly,8,PSMB9,Prosbeta1,2
AD,fly,8,CBLL1,Hakai,1
AD,fly,8,ESR1,ERR,22
AD,fly,8,NR2F2,"Hr78, usp",2
AD,fly,8,RXRG,"Hr78, usp",2
AD,fly,8,NPM1,Nlp,5
AD,fly,8,MED1,MED1,1
AD,fly,8,MAP2K1,Dsor1,1
AD,fly,8,CARM1,Art4,2
AD,fly,8,PPARA,"EcR, Hr96",88
AD,fly,8,MED4,MED4,1
AD,fly,8,KMT2D,trr,1
AD,fly,8,GBP1,atl,3
AD,fly,8,HSP90AA1,Hsp83,5
AD,fly,8,AHR,ss,1
AD,fly,8,MED27,MED27,1
AD,fly,8,PPARG,"EcR, Hr96",88
AD,fly,8,SVIL,Gel,1
AD,fly,8,NCOA2,tai,3
AD,fly,9,ABCA1,CG8908,1
AD,fly,9,SLC2A4,"CG14606, CG33281, CG6484, Tret1-1, sut1, sut2",4
AD,fly,9,TNKS,Tnks,1
AD,fly,9,LRP1,arr,6
AD,fly,9,LPL,"CG4267, CG4582, CG6277, CG6283, CG6295, CG6296",7
AD,fly,9,MCM10,Mcm10,1
AD,fly,9,GFPT2,Gfat2,1
AD,fly,9,DNAJC12,"CG10565, Csp",1
AD,fly,9,GIPC1,kermit,1
AD,fly,9,TUBB4B,betaTub56D,1
AD,fly,9,COPS5,CSN5,1
AD,fly,9,TNKS2,Tnks,1
AD,fly,9,COPS2,alien,1
AD,fly,10,SLC3A2,Amyrel,1
AD,fly,10,RPA4,RPA2,1
AD,fly,10,DYRK1A,mnb,5
AD,fly,10,ASF1B,asf1,1
AD,fly,10,ASF1A,asf1,1
AD,fly,10,SFN,14-3-3zeta,2
AD,fly,10,SMARCB1,Snr1,1
AD,fly,10,OVOL2,hb,1
AD,fly,10,REST,hb,1
AD,fly,10,MCM7,Mcm7,1
AD,fly,10,ANP32E,Mapmodulin,1
AD,fly,10,GINS3,Psf3,1
AD,fly,10,XRN1,pcm,7
AD,fly,10,TNNT1,up,2
AD,fly,10,CCNF,"CycD, CycE",3
AD,fly,10,CREBBP,nej,2
AD,fly,10,SSRP1,Hmg-2,1
AD,fly,10,EDC4,Ge-1,1
AD,fly,10,RPS16,RpS16,1
AD,fly,10,NAT10,l(1)G0020,1
AD,fly,10,MCM6,Mcm6,1
AD,fly,10,SUPT5H,Spt5,1
AD,fly,10,MCM4,dpa,1
AD,fly,10,GINS4,Sld5,1
AD,fly,10,THRA,"EcR, Hr96",88
AD,fly,10,TIPIN,CG10336,1
AD,fly,10,MCM2,Mcm2,18
AD,fly,10,SMARCAD1,Etl1,1
AD,fly,10,EIF2AK1,Wee1,15
AD,fly,10,MCM3,Mcm3,1
AD,fly,10,MCM5,Mcm5,1
AD,fly,10,CHEK1,grp,2
AD,fly,11,SPATA2,tamo,2
AD,fly,11,BIRC6,Bruce,1
AD,fly,11,ARNT,"Met, gce, tgo",19
AD,fly,11,CASP7,Dcp-1,4
AD,fly,11,GSN,Gel,1
AD,fly,11,CASP3,Dcp-1,4
AD,fly,11,AGO2,AGO1,1
AD,fly,11,CRYAB,"Hsp22, Hsp23, Hsp26, Hsp67Ba",4
AD,fly,11,ACP2,Acph-1,1
AD,fly,13,SLC17A2,"CG9825, VGlut",1
AD,fly,13,UBXN2B,p47,1
AD,fly,13,UBXN6,Gint3,1
AD,fly,13,CUL1,Cul1,1
AD,fly,13,KPNB1,Fs(2)Ket,1
AD,fly,13,PTPRO,Ptp10D,1
AD,fly,13,RPS8,RpS8,1
AD,fly,13,EIF2AK3,Wee1,15
AD,fly,13,VCP,TER94,108
AD,fly,13,CYP19A1,"Cyp312a1, Cyp4ac1, Cyp4ae1, Cyp4c3, Cyp4e1, Cyp4e2, Cyp4p1, Cyp4p2, Cyp4s3",7
AD,fly,13,FBXO43,Rca1,1
AD,fly,13,NPLOC4,Npl4,2
AD,fly,13,PSMA2,Prosalpha2,1
AD,fly,13,MFN2,Marf,1
AD,fly,13,GINS1,Psf1,1
AD,fly,13,ABCA7,"CG1801, CG31213, CG8908",2
AD,fly,13,RPL24,RpL24,2
AD,fly,13,UBR5,hyd,1
AD,fly,13,RPS3,RpS3,1
AD,fly,13,PSMA1,Prosalpha6,2
AD,fly,13,DERL1,Der-1,1
AD,fly,13,VANGL2,Vang,1
AD,fly,13,CETN2,"CG13526, TpnC4",14
AD,fly,13,DEK,Dek,1
AD,fly,13,PSMB6,Prosbeta1,2
AD,fly,13,UBE2I,lwr,4
AD,fly,13,PSMB2,Prosbeta4,1
AD,fly,13,HTT,htt,1
AD,fly,13,GLUL,Gs2,2
AD,fly,13,NACA2,Hmr,1
AD,fly,13,PSMA6,Prosalpha1,3
AD,fly,13,COPS3,CSN3,1
AD,fly,13,HDLBP,Dp1,1
AD,fly,14,TNK2,Ack,1
AD,fly,14,HGS,Hrs,1
AD,fly,14,RPS6KB1,S6k,2
AD,fly,14,RPS6KA3,S6k,2
AD,fly,14,IRS2,chico,30
AD,fly,14,PIK3CB,"Pi3K68D, Pi3K92E",3
AD,fly,14,GRIN2A,"GluRIIA, GluRIIB, GluRIIC, GluRIID, Ir25a, Ir60a, Ir64a, Ir68a, Ir75a, Ir76a, Ir84a, Ir85a, Ir92a",19
AD,fly,14,BCAR3,CG9098,1
AD,fly,14,SH3KBP1,cindr,55
AD,fly,14,SNX32,SH3PX1,1
AD,fly,14,SH2B1,Lnk,1
AD,fly,14,GAB1,dos,2
AD,fly,14,HIPK2,mnb,5
AD,fly,14,BCHE,Ace,6
AD,fly,14,PIK3R2,Pi3K21B,1
AD,fly,14,MME,"Nep3, Nep4",6
AD,fly,14,SH2D1A,"CG6805, CG9784, Synj",20
AD,fly,14,INPP5D,"CG6805, CG9784, Synj",20
AD,fly,14,HSP90B1,Gp93,4
AD,fly,14,NUP210,Gp210,1
AD,fly,14,GAB2,dos,2
AD,fly,14,CD2AP,cindr,55
AD,fly,14,ACSL4,"CG17999, CG5568",4
AD,fly,14,GGA3,Gga,1
AD,fly,14,NF1,Nf1,1
AD,fly,14,SH2B2,Lnk,1
AD,fly,14,NR4A1,Hr38,1
AD,fly,14,IRS1,chico,30
AD,fly,14,GRIN2B,"GluRIIA, GluRIIB, GluRIIC, GluRIID, Ir25a, Ir60a, Ir64a, Ir68a, Ir75a, Ir76a, Ir84a, Ir85a, Ir92a",19
AD,fly,14,PLCG2,"Plc21C, sl",5
AD,fly,14,BACE1,"Bace, CG17134, CG6508",5
AD,fly,14,PIK3CA,Pi3K68D,3
AD,fly,14,PLCG1,"Plc21C, sl",5
AD,fly,14,TMX1,Pdi,5
AD,fly,14,TGFB1I1,Pax,1
AD,fly,14,PIK3CD,"Pi3K68D, Pi3K92E",3
AD,fly,14,PXN,Pax,1
AD,fly,14,RAD51,spn-A,2
AD,fly,14,GRIN2C,"GluRIIA, GluRIIB, GluRIIC, GluRIID, Ir25a, Ir60a, Ir64a, Ir68a, Ir75a, Ir76a, Ir84a, Ir85a, Ir92a",19
AD,fly,14,KHDRBS3,qkr58E-1,1
AD,fly,14,RPS6KA1,S6k,2
AD,fly,14,PPM1A,CG10376,1
AD,fly,14,MFN1,Marf,1
AD,fly,14,JUP,arm,1
AD,fly,14,CAPZA1,cpa,1
AD,fly,14,HSPA2,Hsc70-4,1
AD,fly,14,HSP90AB1,Hsp83,5
AD,fly,14,NID2,arr,6
AD,fly,14,SPTAN1,alpha-Spec,2
AD,fly,14,GRAP2,dock,30
AD,fly,14,BAG2,CG7945,1
AD,fly,14,NPHS1,"hbs, sns",3
AD,fly,14,SEC31A,Sec31,1
AD,fly,14,NCK1,dock,30
AD,fly,14,DNAJC7,CG10565,1
AD,fly,14,GRB2,drk,4
AD,fly,14,MYO18A,Mhcl,1
AD,fly,14,BCAR1,p130CAS,15
AD,fly,14,PTEN,Pten,1
AD,fly,14,STAM,Gga,1
AD,fly,14,RANBP9,RanBPM,1
AD,fly,14,TOM1L1,Gga,1
AD,fly,14,EFS,p130CAS,15
AD,fly,14,MIB2,mib2,1
AD,fly,14,P4HB,Pdi,5
AD,fly,14,RTN3,Rtnl1,4
AD,fly,14,PDIA6,CaBP1,2
AD,fly,14,MBD2,MBD-like,1
AD,fly,14,KHDRBS1,qkr58E-1,1
AD,fly,14,CAD,r,1
AD,fly,14,PIK3R3,Pi3K21B,1
AD,fly,15,GSK3B,"gskt, sgg",150
AD,fly,15,PPP3CC,"CanA-14F, CanA1, Pp2B-14D",3
AD,fly,15,PPP3R1,"CanB, CanB2",9
AD,fly,15,RPL6,RpL6,1
AD,fly,15,GSK3A,"gskt, sgg",150
AD,fly,15,AMY1C,Amyrel,1
AD,fly,15,SEC16A,Sec16,1
AD,fly,15,LRP6,arr,6
AD,fly,15,RCAN1,sra,5
AD,fly,15,RCAN3,sra,5
AD,fly,15,PPP3CB,"CanA-14F, CanA1, Pp2B-14D",3
AD,fly,15,BTRC,slmb,2
AD,fly,15,GSKIP,CG11523,1
AD,fly,15,PSMA7,Prosbeta1,2
AD,fly,15,RCAN2,sra,5
AD,fly,16,SETDB1,trr,1
AD,fly,16,HSPG2,trol,1
AD,fly,16,CS,kdn,1
AD,fly,16,ANLN,scra,1
AD,fly,16,GOT1,Got1,1
AD,fly,16,GOT1L1,Got1,1
AD,fly,16,DLST,CG5214,8
AD,fly,16,CAPZB,cpb,2
AD,fly,16,C4A,"Tep2, Tep3, Tep4",17
AD,fly,16,C3,"Tep2, Tep3, Tep4",17
AD,fly,16,MDH2,Mdh2,6
AD,fly,16,SIRT4,Sirt4,1
AD,fly,16,SSBP1,mtSSB,2
AD,fly,16,NR3C1,ERR,22
AD,fly,16,CAPZA2,cpa,1
AD,fly,16,AR,ERR,22
AD,fly,16,C4B,"Tep2, Tep3, Tep4",17
AD,fly,16,FEZ1,Unc-76,1
AD,fly,16,RECQL4,RecQ4,1
AD,fly,16,IDE,Ide,4
AD,fly,16,PZP,"Tep2, Tep3, Tep4",17
AD,fly,16,NPC2,Npc2a,1
AD,fly,16,PHF7,pie,2
AD,fly,16,NSFL1C,p47,1
AD,fly,16,ALDH2,Aldh,17
AD,fly,16,A2M,"Tep2, Tep3, Tep4",17
AD,fly,16,CFTR,MRP,1
AD,fly,16,CALML5,"CG13526, TpnC4",14
AD,fly,17,STX8,Syx6,2
AD,fly,17,CCNL2,"CycH, CycT",1
AD,fly,17,ECEL1,"Nep3, Nep4",6
AD,fly,17,SLC30A4,ZnT41F,15
AD,fly,17,IREB2,"Irp-1A, Irp-1B",10
AD,fly,17,SPAG9,syd,1
AD,fly,18,MAOB,"CG10561, CG5653, CG6034, CG7737, CG8032",47
AD,fly,18,PTPN2,Ptp61F,2
AD,fly,18,ANXA2,AnxB9,1
AD,fly,18,MAOA,"CG10561, CG5653, CG6034, CG7737, CG8032",47
AD,fly,18,GNL3,CG10914,1
AD,fly,18,TRIP10,Cip4,1
AD,fly,18,FAT4,ft,3
AD,fly,18,ATP7B,ATP7,1
AD,fly,18,PDIA3,Pdi,5
AD,fly,18,NLGN2,"Est-6, Glt, Jhe, alpha-Est1, alpha-Est2, alpha-Est3, alpha-Est5, alpha-Est7, alpha-Est9",46
AD,fly,19,VLDLR,arr,6
AD,fly,19,DLD,CG7430,1
AD,fly,19,CCNT1,"CycH, CycT",1
AD,fly,19,DAB1,Aplip1,2
AD,fly,19,ITSN1,Dap160,1
AD,fly,19,LDLR,"Ndg, arr",8
AD,fly,20,VDAC1,porin,2
AD,fly,20,CASS4,p130CAS,15
AD,fly,20,PSEN1,Psn,11
AD,fly,20,BCAP31,CG13887,3
AD,fly,20,RTN4,Rtnl1,4
AD,fly,20,TOMM20,Tom20,16
AD,fly,20,PSMA5,Prosalpha5,1
AD,fly,20,UBQLN1,Ubqn,2
AD,fly,20,HIF1A,"sima, trh",5
AD,fly,20,APH1A,aph-1,15
AD,fly,20,PSENEN,pen-2,2
AD,fly,20,VDAC2,porin,2
AD,fly,20,VDAC3,porin,2
AD,fly,20,RPL4,RpL4,1
AD,fly,20,PSEN2,Psn,11
AD,fly,20,YWHAQ,14-3-3zeta,2
AD,fly,20,CRYAA,"Hsp22, Hsp23, Hsp26, Hsp67Ba",4
AD,fly,20,XRCC6,EndoGI,3
AD,fly,20,KCNIP3,"CG5890, CG7646",26
AD,fly,20,ST13,HIP-R,6
AD,fly,20,PSMB1,Prosbeta6,1
AD,fly,20,TOMM40,"Tom40, tomboy40",8
AD,fly,20,TIMM50,ttm50,1
AD,fly,20,USP7,Usp7,1
AD,fly,21,RPL30,RpL30,1
AD,fly,21,UCHL1,Uch,68
AD,fly,21,ENO1,Eno,95
AD,fly,21,UBB,CG11700,1
AD,fly,21,ENO2,Eno,95
AD,fly,21,ENO3,Eno,95
AD,fly,21,PGK1,Pgk,3
AD,fly,21,INPPL1,Synj,7
AD,fly,21,UBA52,RpL40,1
AD,fly,21,HSD17B10,scu,5
AD,fly,21,GRIA2,"GluRIIA, GluRIIB, GluRIIC, GluRIID, Ir25a, Ir60a, Ir64a, Ir68a, Ir75a, Ir76a, Ir84a, Ir85a, Ir92a",19
AD,fly,21,HNRNPM,rump,2
AD,fly,21,HSPE1,CG11267,1
AD,fly,21,TPI1,Tpi,19
AD,fly,21,CCNB1,"CycA, CycD, CycE",3
AD,fly,21,SEC22C,Syb,2
AD,fly,21,PGAM1,Pglym78,1
AD,fly,21,SMN1,Smn,2
AD,fly,21,SOD2,Sod2,8
AD,fly,21,GAPDH,CG9010,1
AD,fly,21,TP53,p53,2
AD,fly,21,DVL2,dsh,1
AD,fly,21,DVL3,dsh,1
AD,fly,21,NOS1AP,Aplip1,2
AD,fly,21,PLS1,Fim,5
AD,fly,21,PSMA3,Prosalpha7,1
AD,fly,21,ABCC12,MRP,1
AD,fly,21,ANXA5,AnxB9,1
AD,fly,21,ZSCAN29,hb,1
AD,fly,21,HNRNPLL,sm,1
AD,fly,21,DSTN,tsr,1
AD,fly,22,NONO,nonA-l,1
AD,fly,22,SFPQ,nonA-l,1
AD,fly,22,RXRA,"Hr78, usp",2
PD,mouse,0,APOE,Apoe,2
PD,mouse,0,MMP2,Mmp2,1
PD,mouse,0,A2M,A2m,8
PD,mouse,1,FZR1,Fzr1,6
PD,mouse,1,ATP2B2,Atp2b2,1
PD,mouse,1,WSB1,Wsb1,1
PD,mouse,1,RAB5B,Rab5b,2
PD,mouse,1,YWHAB,Ywhab,4
PD,mouse,1,YWHAE,Ywhae,5
PD,mouse,1,MAOB,Maob,9
PD,mouse,1,HERC2,Herc2,2
PD,mouse,1,AURKB,Aurkb,1
PD,mouse,1,ATP2A2,Atp2a2,2
PD,mouse,1,AKT2,Akt2,1
PD,mouse,1,PHACTR2,Phactr2,1
PD,mouse,1,RIPK2,Ripk2,1
PD,mouse,1,AGO1,Ago1,2
PD,mouse,1,ARFGAP1,Arfgap1,2
PD,mouse,1,GIGYF2,Gigyf2,20
PD,mouse,1,CPNE2,Cpne2,1
PD,mouse,1,SH3GL1,Sh3gl1,2
PD,mouse,1,STIP1,Stip1,2
PD,mouse,1,UCHL1,Uchl1,34
PD,mouse,1,PAK6,Pak6,1
PD,mouse,1,UBC,Ubc,4
PD,mouse,1,DNM1L,Dnm1l,29
PD,mouse,1,NEURL4,Neurl4,1
PD,mouse,1,FIS1,Fis1,3
PD,mouse,1,DVL3,Dvl3,1
PD,mouse,1,MBP,Mbp,6
PD,mouse,1,UBB,Ubb,2
PD,mouse,1,ACTC1,Actc1,1
PD,mouse,1,VCP,Vcp,5
PD,mouse,1,ZNF598,Zfp598,1
PD,mouse,1,MAOA,Maoa,8
PD,mouse,1,GRB10,Grb10,2
PD,mouse,1,AGO2,Ago2,3
PD,mouse,1,CAPZA1,Capza1,2
PD,mouse,1,YWHAG,Ywhag,3
PD,mouse,1,MARK1,Mark1,2
PD,mouse,1,EIF4EBP1,Eif4ebp1,1
PD,mouse,1,MYL9,Myl9,1
PD,mouse,1,SERBP1,Serbp1,1
PD,mouse,1,ARHGEF7,Arhgef7,1
PD,mouse,1,TNRC6B,Tnrc6b,1
PD,mouse,1,MFF,Mff,1
PD,mouse,1,CDK5,Cdk5,5
PD,mouse,1,LRRK2,Lrrk2,41
PD,mouse,1,USP16,Usp16,1
PD,mouse,1,PKM,Pkm,1
PD,mouse,1,SFN,Sfn,2
PD,mouse,1,YWHAZ,Ywhaz,10
PD,mouse,1,DAPK1,Dapk1,1
PD,mouse,1,COPS5,Cops5,1
PD,mouse,1,TPM1,Tpm1,1
PD,mouse,1,PRMT1,Prmt1,1
PD,mouse,1,LAMP2,Lamp2,2
PD,mouse,1,ACTB,Actb,6
PD,mouse,1,SSB,Ssb,1
PD,mouse,1,YWHAH,Ywhah,4
PD,mouse,2,DDC,Ddc,1
PD,mouse,2,SLC3A2,Slc3a2,2
PD,mouse,2,CBX5,Cbx5,1
PD,mouse,2,CBX1,Cbx1,1
PD,mouse,2,TELO2,Telo2,1
PD,mouse,2,PAICS,Paics,2
PD,mouse,2,FANCD2,Fancd2,28
PD,mouse,2,DDX1,Ddx1,2
PD,mouse,2,CUL4A,Cul4a,3
PD,mouse,2,NCKAP1,Nckap1,2
PD,mouse,2,Ap1b1,Ap1b1,1
PD,mouse,2,ATM,Atm,33
PD,mouse,2,USP15,Usp15,3
PD,mouse,2,CAST,Cast,15
PD,mouse,2,REST,Rest,1
PD,mouse,2,RBBP8,Rbbp8,1
PD,mouse,2,RBBP7,Rbbp7,2
PD,mouse,2,CCND1,Ccnd1,1
PD,mouse,2,ERG,Erg,2
PD,mouse,2,PARP1,Parp1,31
PD,mouse,2,HUWE1,Huwe1,3
PD,mouse,2,TOP1,Top1,3
PD,mouse,2,BCL10,Bcl10,1
PD,mouse,2,RRM2B,Rrm2b,1
PD,mouse,2,UHRF2,Uhrf2,2
PD,mouse,2,RFC1,Rfc1,20
PD,mouse,2,XRCC5,Xrcc5,2
PD,mouse,2,L3MBTL2,L3mbtl2,1
PD,mouse,2,PCNA,Pcna,1
PD,mouse,2,SND1,Snd1,1
PD,mouse,2,NCAPD2,Ncapd2,1
PD,mouse,2,SPOP,Spop,5
PD,mouse,2,HIF1A,Hif1a,1
PD,mouse,2,POLE,Pole,1
PD,mouse,2,CSNK2A2,Csnk2a2,1
PD,mouse,2,SUB1,Sub1,1
PD,mouse,2,E2F1,E2f1,2
PD,mouse,2,PPP2R1A,Ppp2r1a,2
PD,mouse,2,EED,Eed,16
PD,mouse,2,MCPH1,Mcph1,1
PD,mouse,2,MSH6,Msh6,2
PD,mouse,2,BCL11B,Bcl11b,1
PD,mouse,2,SUZ12,Suz12,1
PD,mouse,2,RBBP4,Rbbp4,2
PD,mouse,2,GSK3B,Gsk3b,5
PD,mouse,2,GTF2F1,Gtf2f1,1
PD,mouse,2,MTA1,Mta1,55
PD,mouse,2,CAPN1,Capn1,1
PD,mouse,2,SMARCC2,Smarcc2,1
PD,mouse,2,BLM,Blm,2
PD,mouse,2,CDK7,Cdk7,1
PD,mouse,2,KDM1A,Kdm1a,1
PD,mouse,3,HCFC1,Hcfc1,1
PD,mouse,3,MAPRE2,Mapre2,1
PD,mouse,3,CALCOCO2,Calcoco2,1
PD,mouse,3,DNAJB6,Dnajb6,1
PD,mouse,3,FDPS,Fdps,1
PD,mouse,3,RANBP2,Ranbp2,1
PD,mouse,3,SNRPD3,Snrpd3,2
PD,mouse,3,IL16,Il16,2
PD,mouse,3,ATXN10,Atxn10,3
PD,mouse,3,HFE,Hfe,1
PD,mouse,3,WDR37,Wdr37,1
PD,mouse,3,U2AF2,U2af2,4
PD,mouse,3,WDR5,Wdr5,1
PD,mouse,3,SRRT,Srrt,3
PD,mouse,3,HBA2,Hba-a1,1
PD,mouse,3,DNAJA2,Dnaja2,2
PD,mouse,3,EEF1G,Eef1g,4
PD,mouse,3,CCT5,Cct5,2
PD,mouse,3,NUP93,Nup93,1
PD,mouse,3,CDK4,Cdk4,1
PD,mouse,3,PRRC2C,Prrc2c,1
PD,mouse,3,PFKL,Pfkl,2
PD,mouse,3,NAPA,Napa,1
PD,mouse,3,CYFIP2,Cyfip2,3
PD,mouse,3,TCP1,Tcp1,2
PD,mouse,3,SNRPD2,Snrpd2,2
PD,mouse,3,PSMD6,Psmd6,1
PD,mouse,3,SGTA,Sgta,1
PD,mouse,3,IL6,Il6,2
PD,mouse,3,PFAS,Pfas,1
PD,mouse,3,PPP2R2A,Ppp2r2a,1
PD,mouse,3,GABRA1,Gabra1,1
PD,mouse,3,GOT2,Got2,2
PD,mouse,3,HSPA8,Hspa8,181
PD,mouse,3,NMRAL1,Nmral1,1
PD,mouse,3,ATP6V1A,Atp6v1a,2
PD,mouse,3,BTF3,Btf3,3
PD,mouse,3,PRSS2,Prss2,1
PD,mouse,3,PFKM,Pfkm,3
PD,mouse,3,CYFIP1,Cyfip1,2
PD,mouse,3,ATXN2,Atxn2,1
PD,mouse,3,SIRT2,Sirt2,1
PD,mouse,3,PPME1,Ppme1,1
PD,mouse,3,NDRG2,Ndrg2,1
PD,mouse,3,BAG5,Bag5,9
PD,mouse,3,DNAJB1,Dnajb1,5
PD,mouse,3,SF3A3,Sf3a3,2
PD,mouse,3,MLF2,Mlf2,1
PD,mouse,3,ALB,Alb,1
PD,mouse,3,HSPA2,Hspa2,5
PD,mouse,3,KIF1B,Kif1b,1
PD,mouse,3,RAD23A,Rad23a,1
PD,mouse,3,NPEPPS,Npepps,2
PD,mouse,3,DYNLL1,Dynll1,2
PD,mouse,3,ROCK2,Rock2,4
PD,mouse,3,RUVBL2,Ruvbl2,1
PD,mouse,3,TUBB2A,Tubb2a,1
PD,mouse,3,DNAJB4,Dnajb4,1
PD,mouse,3,PHGDH,Phgdh,2
PD,mouse,3,KCND2,Kcnd2,1
PD,mouse,3,PRPF19,Prpf19,2
PD,mouse,3,USP46,Usp46,2
PD,mouse,3,CSNK1E,Csnk1e,1
PD,mouse,3,SUGT1,Sugt1,1
PD,mouse,3,SLC12A6,Slc12a6,1
PD,mouse,4,ITPR1,Itpr1,3
PD,mouse,4,VDAC1,Vdac1,3
PD,mouse,4,CASP1,Casp1,1
PD,mouse,4,MTOR,Mtor,1
PD,mouse,4,CCT2,Cct2,2
PD,mouse,4,PSMD1,Psmd1,2
PD,mouse,4,ACTA1,Acta1,2
PD,mouse,4,HNRNPH1,Hnrnph1,2
PD,mouse,4,CTTN,Cttn,1
PD,mouse,4,AKT1S1,Akt1s1,1
PD,mouse,4,BLVRA,Blvra,1
PD,mouse,4,GSN,Gsn,1
PD,mouse,4,DFFA,Dffa,1
PD,mouse,4,CDKN1C,Cdkn1c,1
PD,mouse,4,AHSA1,Ahsa1,2
PD,mouse,4,AKT3,Akt3,1
PD,mouse,4,JUP,Jup,1
PD,mouse,4,PFKP,Pfkp,2
PD,mouse,4,TRAF3,Traf3,3
PD,mouse,4,PSMD3,Psmd3,2
PD,mouse,4,HECTD3,Hectd3,1
PD,mouse,4,GMEB1,Gmeb1,1
PD,mouse,4,TUBB,Tubb5,2
PD,mouse,4,LANCL2,Lancl2,2
PD,mouse,4,FANCI,Fanci,1
PD,mouse,4,CASP9,Casp9,7
PD,mouse,4,MAPK14,Mapk14,3
PD,mouse,4,PSME3,Psme3,2
PD,mouse,4,PINK1,Pink1,1
PD,mouse,4,TGM2,Tgm2,2
PD,mouse,4,UBE4B,Ube4b,1
PD,mouse,4,EIF4G1,Eif4g1,2
PD,mouse,4,CDKN1A,Cdkn1a,2
PD,mouse,4,KBTBD11,Kbtbd11,1
PD,mouse,4,IMMT,Immt,1
PD,mouse,4,SLC25A12,Slc25a12,2
PD,mouse,4,CRLS1,Crls1,1
PD,mouse,4,DIABLO,Diablo,2
PD,mouse,4,UHRF1,Uhrf1,2
PD,mouse,4,BIRC2,Birc2,1
PD,mouse,4,HTRA2,Htra2,22
PD,mouse,4,CCAR2,Ccar2,2
PD,mouse,4,CLUH,Cluh,4
PD,mouse,4,MARK2,Mark2,2
PD,mouse,4,BIRC7,Birc7,1
PD,mouse,4,PHLPP1,Phlpp1,1
PD,mouse,4,FAF1,Faf1,2
PD,mouse,4,CLIP3,Clip3,1
PD,mouse,4,AGAP2,Agap2,5
PD,mouse,4,GABBR2,Gabbr2,1
PD,mouse,4,BCL2L1,Bcl2l1,3
PD,mouse,4,HSP90AA1,Hsp90aa1,5
PD,mouse,4,IL1B,Il1b,8
PD,mouse,4,XIAP,Xiap,1
PD,mouse,4,APPL1,Appl1,1
PD,mouse,4,OPA1,Opa1,1
PD,mouse,4,Bid,Bid,1
PD,mouse,4,AKT1,Akt1,67
PD,mouse,4,CASP3,Casp3,29
PD,mouse,4,BIRC3,Birc3,3
PD,mouse,4,TSC1,Tsc1,4
PD,mouse,4,ALYREF,Alyref,1
PD,mouse,4,ELAVL1,Elavl1,1
PD,mouse,4,MDM2,Mdm2,2
PD,mouse,4,CSN2,Csn2,1
PD,mouse,4,CDKN1B,Cdkn1b,1
PD,mouse,4,CEP76,Cep76,2
PD,mouse,4,PGAM5,Pgam5,1
PD,mouse,4,CDC37,Cdc37,2
PD,mouse,4,CASP8,Casp8,1
PD,mouse,5,TNFRSF1B,Tnfrsf1b,1
PD,mouse,5,GLS,Gls,1
PD,mouse,5,RIPK3,Ripk3,1
PD,mouse,5,OPTN,Optn,1
PD,mouse,5,HSPA12A,Hspa12a,2
PD,mouse,5,TBK1,Tbk1,1
PD,mouse,5,RHEB,Rheb,5
PD,mouse,5,HMOX1,Hmox1,6
PD,mouse,5,CRMP1,Crmp1,1
PD,mouse,5,SHARPIN,Sharpin,2
PD,mouse,5,BDH1,Bdh1,1
PD,mouse,5,SYT12,Syt12,1
PD,mouse,5,IKBKG,Ikbkg,3
PD,mouse,5,TRADD,Tradd,1
PD,mouse,5,RIPK1,Ripk1,3
PD,mouse,5,DNAJA1,Dnaja1,4
PD,mouse,5,SH3GL3,Sh3gl3,3
PD,mouse,5,PFN2,Pfn2,3
PD,mouse,5,IKBKB,Ikbkb,2
PD,mouse,5,CAPNS1,Capns1,1
PD,mouse,5,SFXN5,Sfxn5,2
PD,mouse,5,SQSTM1,Sqstm1,5
PD,mouse,5,TNF,Tnf,20
PD,mouse,5,HNRNPD,Hnrnpd,6
PD,mouse,5,RNF31,Rnf31,1
PD,mouse,5,HTT,Htt,692
PD,mouse,5,ULK1,Ulk1,1
PD,mouse,5,ZFP36,Zfp36,1
PD,mouse,5,IKBKE,Ikbke,1
PD,mouse,5,TNIP1,Tnip1,1
PD,mouse,5,F8A1,F8a,1
PD,mouse,5,KLK6,Klk6,1
PD,mouse,6,NDUFS6,Ndufs6,1
PD,mouse,6,SNTA1,Snta1,1
PD,mouse,6,MGST3,Mgst3,1
PD,mouse,6,POLG,Polg,4
PD,mouse,6,NDUFS2,Ndufs2,3
PD,mouse,6,NDUFS7,Ndufs7,4
PD,mouse,6,NDUFA4,Ndufa4,3
PD,mouse,6,NDUFB4,Ndufb4,2
PD,mouse,6,NDUFB10,Ndufb10,4
PD,mouse,6,CS,Cs,1
PD,mouse,6,TTC3,Ttc3,1
PD,mouse,6,NOS1,Nos1,26
PD,mouse,6,CASK,Cask,1
PD,mouse,6,NDUFA12,Ndufa12,3
PD,mouse,6,UQCRC1,Uqcrc1,2
PD,mouse,6,NDUFS3,Ndufs3,3
PD,mouse,6,DRD1,Drd1,2
PD,mouse,6,SOX2,Sox2,5
PD,mouse,6,NDUFB7,Ndufb7,2
PD,mouse,6,SDHB,Sdhb,2
PD,mouse,6,NDUFS1,Ndufs1,3
PD,mouse,6,NDUFA8,Ndufa8,3
PD,mouse,6,CLPP,Clpp,1
PD,mouse,6,NDUFB6,Ndufb6,3
PD,mouse,6,MDH2,Mdh2,4
PD,mouse,6,NDUFA6,Ndufa6,2
PD,mouse,6,NDUFA10,Ndufa10,3
PD,mouse,6,TFB1M,Tfb1m,1
PD,mouse,6,TFAM,Tfam,14
PD,mouse,6,NDUFV2,Ndufv2,80
PD,mouse,6,KCNJ4,Kcnj4,4
PD,mouse,6,DLG4,Dlg4,8
PD,mouse,6,NDUFA2,Ndufa2,2
PD,mouse,6,HADHA,Hadha,2
PD,mouse,6,NDUFS4,Ndufs4,2
PD,mouse,6,GRSF1,Grsf1,1
PD,mouse,6,NDUFB5,Ndufb5,2
PD,mouse,6,PDHA1,Pdha1,1
PD,mouse,6,STUB1,Stub1,8
PD,mouse,6,NDUFV3,Ndufv3,2
PD,mouse,6,NDUFS5,Ndufs5,3
PD,mouse,6,SYNE2,Syne2,1
PD,mouse,6,NDUFV1,Ndufv1,4
PD,mouse,7,ACTN4,Actn4,2
PD,mouse,7,CEBPA,Cebpa,4
PD,mouse,7,NCOA1,Ncoa1,1
PD,mouse,7,EIF5A,Eif5a,5
PD,mouse,7,SRPK2,Srpk2,1
PD,mouse,7,VDR,Vdr,8
PD,mouse,7,CDK11B,Cdk11b,1
PD,mouse,7,MRPS22,Mrps22,1
PD,mouse,7,PSMC5,Psmc5,1
PD,mouse,7,NCOA6,Ncoa6,2
PD,mouse,7,RUNX1,Runx1,1
PD,mouse,7,NR4A2,Nr4a2,6
PD,mouse,7,SIRT1,Sirt1,1
PD,mouse,7,ESRRA,Esrra,1
PD,mouse,7,RXRA,Rxra,1
PD,mouse,7,MED16,Med16,1
PD,mouse,7,STON2,Ston2,1
PD,mouse,7,NR3C1,Nr3c1,1
PD,mouse,7,ESR2,Esr2,2
PD,mouse,7,NLRP3,Nlrp3,1
PD,mouse,7,HNF4A,Hnf4a,1
PD,mouse,7,STAT1,Stat1,1
PD,mouse,7,SFPQ,Sfpq,2
PD,mouse,7,PPARGC1A,Ppargc1a,15
PD,mouse,7,EWSR1,Ewsr1,3
PD,mouse,7,CHD1,Chd1,1
PD,mouse,7,RAN,Ran,2
PD,mouse,7,THRB,Thrb,3
PD,mouse,7,CREBBP,Crebbp,2
PD,mouse,7,RNF2,Rnf2,2
PD,mouse,7,SMAD3,Smad3,1
PD,mouse,8,RPS11,Rps11,4
PD,mouse,8,RPL6,Rpl6,139
PD,mouse,8,RPL14,Rpl14,103
PD,mouse,8,DST,Dst,1
PD,mouse,8,MECP2,Mecp2,2
PD,mouse,8,RPL13A,Rpl13a,5
PD,mouse,8,RPS7,Rps7,4
PD,mouse,8,RPS8,Rps8,115
PD,mouse,8,MRPL28,Mrpl28,1
PD,mouse,8,RPSA,Rpsa,5
PD,mouse,8,MAGEB2,Mageb4,1
PD,mouse,8,RPS14,Rps14,5
PD,mouse,8,ATG5,Atg5,4
PD,mouse,8,RPL27,Rpl27,4
PD,mouse,8,RPS15A,Rps15a,3
PD,mouse,8,RPL22,Rpl22,5
PD,mouse,8,METAP2,Metap2,2
PD,mouse,8,RPL35,Rpl35,4
PD,mouse,8,MYBBP1A,Mybbp1a,1
PD,mouse,8,NCL,Ncl,5
PD,mouse,8,HNRNPU,Hnrnpu,5
PD,mouse,8,RPL4,Rpl4,4
PD,mouse,8,DAP3,Dap3,1
PD,mouse,8,RPS6,Rps6,5
PD,mouse,8,RPL29,Rpl29,2
PD,mouse,8,RPL23,Rpl23,4
PD,mouse,8,RPL26,Rpl26,6
PD,mouse,8,RPS18,Rps18,6
PD,mouse,8,RPL5,Rpl5,4
PD,mouse,8,RPL35A,Rpl35a,3
PD,mouse,8,EIF2AK2,Eif2ak2,17
PD,mouse,8,DHX9,Dhx9,6
PD,mouse,8,RPS15,Rps15,3
PD,mouse,8,RPS27L,Rps27l,1
PD,mouse,8,RPL32,Rpl32,4
PD,mouse,8,RPL13,Rpl13,5
PD,mouse,8,RPS28,Rps28,4
PD,mouse,8,RPL15,Rpl15,4
PD,mouse,8,PURA,Pura,1
PD,mouse,8,DNAJC3,Dnajc3,2
PD,mouse,8,SRSF5,Srsf5,1
PD,mouse,8,RPLP2,Rplp2,4
PD,mouse,8,RPS9,Rps9,5
PD,mouse,8,RPL10,Rpl10,2
PD,mouse,8,RPS5,Rps5,5
PD,mouse,8,RPL12,Rpl12,6
PD,mouse,8,RPL7A,Rpl7a,4
PD,mouse,8,ILF3,Ilf3,4
PD,mouse,8,PA2G4,Pa2g4,1
PD,mouse,8,RPL38,Rpl38,4
PD,mouse,8,SRP68,Srp68,1
PD,mouse,8,EDC4,Edc4,1
PD,mouse,8,STAU1,Stau1,3
PD,mouse,8,RPS13,Rps13,6
PD,mouse,8,RPL28,Rpl28,4
PD,mouse,8,RPS16,Rps16,7
PD,mouse,8,RPL11,Rpl11,6
PD,mouse,8,STAU2,Stau2,1
PD,mouse,8,SF3B1,Sf3b1,1
PD,mouse,8,RPL10A,Rpl10a,3
PD,mouse,8,RPS21,Rps21,4
PD,mouse,8,MTDH,Mtdh,1
PD,mouse,8,EIF6,Eif6,3
PD,mouse,8,ADAR,Adar,1
PD,mouse,8,RPL8,Rpl8,7
PD,mouse,8,EBNA1BP2,Ebna1bp2,1
PD,mouse,8,RPL18A,Rpl18a,4
PD,mouse,8,RPL23A,Rpl23a,84
PD,mouse,8,RPS17,Rps17,5
PD,mouse,8,RPL27A,Rpl27a,4
PD,mouse,8,TP53,Trp53,3
PD,mouse,8,RPS23,Rps23,5
PD,mouse,8,RPS20,Rps20,4
PD,mouse,8,RBM39,Rbm39,2
PD,mouse,8,RPS2,Rps2,5
PD,mouse,8,CNBP,Cnbp,1
PD,mouse,8,YBX1,Ybx1,5
PD,mouse,8,HMGB2,Hmgb2,1
PD,mouse,8,RPL19,Rpl19,4
PD,mouse,8,RPL3,Rpl3,5
PD,mouse,8,RPLP1,Rplp1,2
PD,mouse,8,LARP1,Larp1,1
PD,mouse,9,MCTS1,Mcts1,1
PD,mouse,9,MAP2K1,Map2k1,4
PD,mouse,9,UPF1,Upf1,1
PD,mouse,9,PSMF1,Psmf1,1
PD,mouse,9,VPS26B,Vps26b,1
PD,mouse,9,GNL1,Gnl1,1
PD,mouse,9,EIF4G2,Eif4g2,1
PD,mouse,9,MCM7,Mcm7,1
PD,mouse,9,OTUB1,Otub1,2
PD,mouse,9,UBLCP1,Ublcp1,1
PD,mouse,9,SNX1,Snx1,1
PD,mouse,9,SLK,Slk,1
PD,mouse,9,FGB,Fgb,13
PD,mouse,9,USP48,Usp48,15
PD,mouse,9,CAPZB,Capzb,2
PD,mouse,9,TBC1D5,Tbc1d5,1
PD,mouse,9,CP,Cp,5
PD,mouse,9,KIF2A,Kif2a,1
PD,mouse,9,SNX3,Snx3,1
PD,mouse,9,PPID,Ppid,1
PD,mouse,9,ANKFY1,Ankfy1,1
PD,mouse,9,ADK,Adk,1
PD,mouse,9,AIMP2,Aimp2,1
PD,mouse,9,SNX2,Snx2,1
PD,mouse,9,PYGB,Pygb,2
PD,mouse,9,SNX6,Snx6,1
PD,mouse,9,EEF1A2,Eef1a2,1
PD,mouse,9,HDLBP,Hdlbp,1
PD,mouse,9,ADD3,Add3,2
PD,mouse,9,VPS35,Vps35,31
PD,mouse,9,EP300,Ep300,1
PD,mouse,10,CKB,Ckb,2
PD,mouse,10,FGF1,Fgf1,1
PD,mouse,10,ITPR3,Itpr3,3
PD,mouse,10,APOA1,Apoa1,1
PD,mouse,10,NME2,Nme2,1
PD,mouse,10,PRDX6,Prdx6,3
PD,mouse,10,NQO1,Nqo1,3
PD,mouse,10,CENPV,Cenpv,1
PD,mouse,10,UBE2D2,Ube2d2a,2
PD,mouse,10,HSPA9,Hspa9,95
PD,mouse,10,PSMA5,Psma5,1
PD,mouse,10,PRDX2,Prdx2,2
PD,mouse,10,SIRT3,Sirt3,2
PD,mouse,10,NBN,Nbn,2
PD,mouse,10,SOD1,Sod1,43
PD,mouse,10,ENO2,Eno2,24
PD,mouse,10,ENO3,Eno3,2
PD,mouse,10,BRAF,Braf,3
PD,mouse,10,PFN1,Pfn1,2
PD,mouse,10,PGK1,Pgk1,1
PD,mouse,10,HSPB1,Hspb1,1
PD,mouse,10,TIMM44,Timm44,1
PD,mouse,10,GSTO1,Gsto1,7
PD,mouse,10,MVD,Mvd,1
PD,mouse,10,FANCC,Fancc,1
PD,mouse,10,PARK7,Park7,53
PD,mouse,10,PSMD2,Psmd2,1
PD,mouse,10,ARHGDIA,Arhgdia,1
PD,mouse,10,BAG3,Bag3,6
PD,mouse,10,ALDH1A2,Aldh1a2,1
PD,mouse,10,FGG,Fgg,1
PD,mouse,10,HSPE1,Hspe1,2
PD,mouse,10,MAP1B,Map1b,4
PD,mouse,10,TNFAIP3,Tnfaip3,3
PD,mouse,10,ATP2B4,Atp2b4,2
PD,mouse,10,CAND1,Cand1,2
PD,mouse,10,HSPD1,Hspd1,4
PD,mouse,10,COPS4,Cops4,1
PD,mouse,10,UBXN2A,Ubxn2a,1
PD,mouse,10,KIAA1191,4833439L19Rik,1
PD,mouse,10,ABAT,Abat,1
PD,mouse,10,GSTP1,"Gstp1, Gstp2",15
PD,mouse,10,HNRNPK,Hnrnpk,6
PD,mouse,10,PGAM1,Pgam1,1
PD,mouse,10,SDHA,Sdha,3
PD,mouse,10,TRAP1,Trap1,2
PD,mouse,10,BAG1,Bag1,4
PD,mouse,10,SOD2,Sod2,14
PD,mouse,10,FSCN1,Fscn1,1
PD,mouse,10,PRDX5,Prdx5,1
PD,mouse,10,MAPK8IP1,Mapk8ip1,2
PD,mouse,10,GAPDH,Gapdh,3
PD,mouse,10,MTA2,Mta2,2
PD,mouse,10,TRAF6,Traf6,4
PD,mouse,10,COPS6,Cops6,1
PD,mouse,10,GRPEL1,Grpel1,1
PD,mouse,10,FN1,Fn1,2
PD,mouse,10,FBXO7,Fbxo7,18
PD,mouse,10,DNAJA3,Dnaja3,2
PD,mouse,10,LDHB,Ldhb,2
PD,mouse,10,HSPA4,Hspa4,2
PD,mouse,10,ALDH1A1,Aldh1a1,1
PD,mouse,10,MAPK8,Mapk8,1
PD,mouse,10,PSMA3,Psma3,1
PD,mouse,10,ACO2,Aco2,1
PD,mouse,10,PSMB5,Psmb5,1
PD,mouse,10,ALDH2,Aldh2,28
PD,mouse,10,HNRNPL,Hnrnpl,3
PD,mouse,10,TPM3,Tpm3,1
PD,mouse,10,PRDX1,Prdx1,1
PD,mouse,10,SOX9,Sox9,1
PD,mouse,10,EIF4E,Eif4e,1
PD,mouse,10,PDIA3,Pdia3,2
PD,mouse,10,PSMA6,Psma6,2
PD,mouse,10,TRAF2,Traf2,2
PD,mouse,10,DSTN,Dstn,1
PD,mouse,10,FADD,Fadd,1
PD,mouse,10,NIPSNAP1,Nipsnap1,1
PD,mouse,11,EN1,En1,1
PD,mouse,12,GNA13,Gna13,1
PD,mouse,12,GPR37,Gpr37,1
PD,mouse,12,PAWR,Pawr,1
PD,mouse,12,CYTH2,Cyth2,1
PD,mouse,12,FBXW11,Fbxw11,1
PD,mouse,12,MAP3K5,Map3k5,27
PD,mouse,12,NES,Nes,1
PD,mouse,12,USP9X,Usp9x,2
PD,mouse,12,PDLIM1,Pdlim1,1
PD,mouse,12,HMGB1,Hmgb1,2
PD,mouse,12,DYRK1A,Dyrk1a,1
PD,mouse,12,APP,App,5
PD,mouse,12,SOCS1,Socs1,2
PD,mouse,12,MAPK8IP3,Mapk8ip3,2
PD,mouse,12,INA,Ina,3
PD,mouse,12,GFAP,Gfap,33
PD,mouse,12,ARRB1,Arrb1,1
PD,mouse,12,NXF1,Nxf1,1
PD,mouse,12,GEMIN5,Gemin5,1
PD,mouse,12,TXN,Txn1,1
PD,mouse,12,GSTM1,"Gstm1, Gstm2, Gstm3, Gstm6",16
PD,mouse,12,VIM,Vim,3
PD,mouse,12,PPP1R9B,Ppp1r9b,18
PD,mouse,12,UBE2I,Ube2i,2
PD,mouse,12,GNB5,Gnb5,4
PD,mouse,12,ARRB2,Arrb2,2
PD,mouse,12,RB1CC1,Rb1cc1,1
PD,mouse,12,DRD2,Drd2,7
PD,mouse,12,PDCD6,Pdcd6,2
PD,mouse,12,PPP5C,Ppp5c,5
PD,mouse,12,TOLLIP,Tollip,1
PD,mouse,13,TNK2,Tnk2,76
PD,mouse,13,SH3GL2,Sh3gl2,3
PD,mouse,13,GNAT1,Gnat1,1
PD,mouse,13,BSN,Bsn,16
PD,mouse,13,TNR,Tnr,28
PD,mouse,13,NCK1,Nck1,3
PD,mouse,13,GAK,Gak,21
PD,mouse,13,AP2B1,Ap2b1,2
PD,mouse,13,PRNP,Prnp,3
PD,mouse,13,AP2A1,Ap2a1,3
PD,mouse,13,BCAR1,Bcar1,1
PD,mouse,13,CLTA,Clta,2
PD,mouse,13,CLTC,Cltc,6
PD,mouse,13,NOLC1,Nolc1,1
PD,mouse,13,MAG,Mag,9
PD,mouse,13,NGFR,Ngfr,2
PD,mouse,13,SH3KBP1,Sh3kbp1,1
PD,mouse,13,LCP2,Lcp2,1
PD,mouse,13,PIK3R1,Pik3r1,2
PD,mouse,13,LYN,Lyn,1
PD,mouse,13,NGF,Ngf,5
PD,mouse,13,TNFRSF1A,Tnfrsf1a,2
PD,mouse,13,GRK6,Grk6,2
PD,mouse,13,ATG16L1,Atg16l1,4
PD,mouse,13,NPHP1,Nphp1,2
PD,mouse,13,AMPH,Amph,1
PD,mouse,13,AP2M1,Ap2m1,3
PD,mouse,13,DNAJC6,Dnajc6,8
PD,mouse,13,HCK,Hck,1
PD,mouse,13,SYNJ1,Synj1,24
PD,mouse,13,SLC25A5,Slc25a5,2
PD,mouse,13,BDNF,Bdnf,3
PD,mouse,13,SNX9,Snx9,2
PD,mouse,13,SRC,Src,5
PD,mouse,13,DNAJC13,Dnajc13,5
PD,mouse,13,HSP90AB1,Hsp90ab1,5
PD,mouse,13,BAG4,Bag4,3
PD,mouse,13,KCNA5,Kcna5,1
PD,mouse,13,PICALM,Picalm,1
PD,mouse,13,ERC2,Erc2,2
PD,mouse,13,HAP1,Hap1,1
PD,mouse,14,PCBP1,Pcbp1,3
PD,mouse,14,DPYSL2,Dpysl2,4
PD,mouse,14,GSPT1,Gspt1,1
PD,mouse,14,HNRNPR,Hnrnpr,1
PD,mouse,14,MATR3,Matr3,1
PD,mouse,14,DDX5,Ddx5,3
PD,mouse,14,ALDOA,Aldoa,2
PD,mouse,14,HSPH1,Hsph1,3
PD,mouse,14,DDX3X,Ddx3x,4
PD,mouse,14,HNRNPA1,Hnrnpa1,1
PD,mouse,14,EFHD2,Efhd2,2
PD,mouse,14,WDR45,Wdr45,1
PD,mouse,14,UBQLN2,Ubqln2,3
PD,mouse,14,HNRNPUL1,Hnrnpul1,1
PD,mouse,14,ATP1A1,Atp1a1,1
PD,mouse,14,SRPK1,Srpk1,1
PD,mouse,14,APMAP,Apmap,2
PD,mouse,14,SYNCRIP,Syncrip,4
PD,mouse,14,CELF1,Celf1,1
PD,mouse,14,NACC1,Nacc1,1
PD,mouse,14,DHX15,Dhx15,2
PD,mouse,14,PABPC1,Pabpc2,1
PD,mouse,14,GNAS,Gnas,1
PD,mouse,14,CUL2,Cul2,1
PD,mouse,14,CCT4,Cct4,1
PD,mouse,14,DNAJA4,Dnaja4,1
PD,mouse,14,CBX3,Cbx3,1
PD,mouse,14,DDX17,Ddx17,2
PD,mouse,14,NUCKS1,Nucks1,1
PD,mouse,14,HNRNPA2B1,Hnrnpa2b1,3
PD,mouse,14,SORD,Sord,1
PD,mouse,14,LASP1,Lasp1,1
PD,mouse,14,TUFM,Tufm,1
PD,mouse,14,GNAI2,Gnai2,4
PD,mouse,14,TARDBP,Tardbp,79
PD,mouse,14,PC,Pcx,1
PD,mouse,14,TKT,Tkt,1
PD,mouse,14,ADRM1,Adrm1,1
PD,mouse,14,CDC5L,Cdc5l,1
PD,mouse,14,SPAG1,Spag1,1
PD,mouse,14,MVP,Mvp,1
PD,mouse,14,HSPA1L,Hspa1l,1
PD,mouse,14,TALDO1,Taldo1,15
PD,mouse,14,FUS,Fus,1
PD,mouse,14,NCAPH,Ncaph,1
PD,mouse,14,ILF2,Ilf2,2
PD,mouse,14,PPP1R12A,Ppp1r12a,1
PD,mouse,14,ST13,St13,1
PD,mouse,14,HSPA1A,"Hspa1a, Hspa1b",47
PD,mouse,14,EEF2,Eef2,5
PD,mouse,14,RALY,Raly,1
PD,mouse,14,PLG,Plg,1
PD,mouse,14,PDAP1,Pdap1,1
PD,mouse,14,PSMD11,Psmd11,1
PD,mouse,14,PRKCA,Prkca,3
PD,mouse,14,LDHA,Ldha,1
PD,mouse,14,MYH10,Myh10,3
PD,mouse,15,ATXN3,Atxn3,3
PD,mouse,15,CUEDC2,Cuedc2,1
PD,mouse,15,TH,Th,4
PD,mouse,15,JUN,Jun,3
PD,mouse,15,CTNNB1,Ctnnb1,5
PD,mouse,15,DAXX,Daxx,1
PD,mouse,15,YY1,Yy1,1
PD,mouse,15,CEBPB,Cebpb,2
PD,mouse,15,KAT5,Kat5,2
PD,mouse,15,TAOK2,Taok2,3
PD,mouse,15,FHL2,Fhl2,1
PD,mouse,15,CREB1,Creb1,28
PD,mouse,15,HDAC2,Hdac2,2
PD,mouse,15,CRTC1,Crtc1,1
PD,mouse,15,CDK1,Cdk1,1
PD,mouse,16,SLC4A8,Slc4a8,1
PD,mouse,16,EPHX1,Ephx1,4
PD,mouse,16,AAK1,Aak1,1
PD,mouse,16,SYT11,Syt11,1
PD,mouse,16,ATP13A2,Atp13a2,1
PD,mouse,16,HDAC6,Hdac6,2
PD,mouse,17,RAB4A,Rab4a,1
PD,mouse,17,CANX,Canx,1
PD,mouse,17,EHD1,Ehd1,1
PD,mouse,17,HSPA5,Hspa5,2
PD,mouse,17,RAB5A,Rab5a,1
PD,mouse,17,CNP,Cnp,1
PD,mouse,17,DDOST,Ddost,1
PD,mouse,17,HMGCR,Hmgcr,3
PD,mouse,17,DEFA1,Defa26,3
PD,mouse,17,RHOB,Rhob,1
PD,mouse,17,UBQLN1,Ubqln1,1
PD,mouse,17,RAB5C,Rab5c,1
PD,mouse,17,IGF2R,Igf2r,12
PD,mouse,17,INSR,Insr,29
PD,mouse,17,GNAZ,Gnaz,2
PD,mouse,17,ABCE1,Abce1,1
PD,mouse,17,RHOA,Rhoa,1
PD,mouse,17,SLC38A2,Slc38a2,2
PD,mouse,17,ERLIN2,Erlin2,1
PD,mouse,17,APBB1,Apbb1,1
PD,mouse,17,CCDC88A,Ccdc88a,1
PD,mouse,17,PHB2,Phb2,3
PD,mouse,17,HSP90B1,Hsp90b1,1
PD,mouse,17,CDC42,Cdc42,3
PD,mouse,17,SOCS3,Socs3,1
PD,mouse,17,CBL,Cbl,2
PD,mouse,17,HGF,Hgf,1
PD,mouse,17,SNAP29,Snap29,1
PD,mouse,17,FLOT1,Flot1,2
PD,mouse,17,RAC1,Rac1,4
PD,mouse,17,IGF2,Igf2,3
PD,mouse,17,GNAI1,Gnai1,3
PD,mouse,17,DNAJC7,Dnajc7,2
PD,mouse,17,EMD,Emd,1
PD,mouse,17,SH2B2,Sh2b2,1
PD,mouse,17,RAB7A,Rab7,1
PD,mouse,17,MYO18A,Myo18a,2
PD,mouse,17,IRS1,Irs1,2
PD,mouse,17,HSPA4L,Hspa4l,2
PD,mouse,17,PRKCD,Prkcd,2
PD,mouse,17,PLXNA1,Plxna1,15
PD,mouse,17,ARHGEF12,Arhgef12,1
PD,mouse,17,RPN1,Rpn1,1
PD,mouse,17,GDI1,Gdi1,1
PD,mouse,17,SMC2,Smc2,2
PD,mouse,17,SYVN1,Syvn1,2
PD,mouse,17,TMEM230,Tmem230,1
PD,mouse,17,NCAPG2,Ncapg2,21
PD,mouse,17,HSPA1B,"Hspa1a, Hspa1b",47
PD,mouse,17,VAPB,Vapb,1
PD,mouse,17,NRP1,Nrp1,1
PD,mouse,17,DEFA5,Defa26,3
PD,mouse,17,IGSF3,Igsf3,1
PD,mouse,17,INSRR,Insrr,1
PD,mouse,17,VAPA,Vapa,1
PD,mouse,17,ARF6,Arf6,2
PD,mouse,17,DNAJC10,Dnajc10,2
PD,mouse,17,VPS13C,Vps13c,6
PD,mouse,17,GLUD1,Glud1,1
PD,mouse,17,IGF1R,Igf1r,8
PD,mouse,17,TUBB6,Tubb6,1
PD,mouse,17,KCNA3,Kcna3,6
PD,mouse,18,RPS6KA1,Rps6ka1,2
PD,mouse,18,CENPE,Cenpe,1
PD,mouse,18,ATF2,Atf2,2
PD,mouse,18,ABCB1,"Abcb1a, Abcb1b",3
PD,mouse,18,FBXW7,Fbxw7,1
PD,mouse,18,PEA15,Pea15a,3
PD,mouse,18,RPS6KA3,Rps6ka3,2
PD,mouse,18,MAP2K2,Map2k2,2
PD,mouse,18,RELA,Rela,1
PD,mouse,18,PTPN5,Ptpn5,2
PD,mouse,18,BTRC,Btrc,2
PD,mouse,18,ELK1,Elk1,2
PD,mouse,18,CTNND1,Ctnnd1,1
PD,mouse,18,ILK,Ilk,1
PD,mouse,18,SREBF2,Srebf2,1
PD,mouse,18,DHPS,Dhps,1
PD,mouse,18,RPS6KA2,Rps6ka2,3
PD,mouse,18,LAMTOR3,Lamtor3,1
PD,mouse,18,MAPKAPK2,Mapkapk2,1
PD,mouse,18,NEDD4L,Nedd4l,1
PD,mouse,18,ARHGEF2,Arhgef2,3
PD,mouse,18,DNMT1,Dnmt1,2
PD,mouse,18,SP1,Sp1,1
PD,mouse,18,HDAC4,Hdac4,6
PD,mouse,18,GMFB,Gmfb,1
PD,mouse,18,METTL3,Mettl3,1
PD,mouse,18,Ksr1,Ksr1,1
PD,mouse,18,RAB11A,Rab11a,1
PD,mouse,18,TRIM28,Trim28,1
PD,mouse,18,RARA,Rara,1
PD,mouse,18,GJA1,Gja1,1
PD,mouse,18,FBP1,Fbp1,3
PD,mouse,18,STAB2,Stab2,1
PD,mouse,18,MAPK3,Mapk3,31
PD,mouse,18,IQGAP1,Iqgap1,2
PD,mouse,18,DUSP2,Dusp2,1
PD,mouse,18,MAPK1,Mapk1,86
PD,mouse,18,TOP2A,Top2a,2
PD,mouse,18,UXS1,Uxs1,1
PD,mouse,18,BIN1,Bin1,18
PD,mouse,18,PXN,Pxn,1
PD,mouse,18,RPTOR,Rptor,1
PD,mouse,18,EZH2,Ezh2,1
PD,mouse,18,USP7,Usp7,6
PD,mouse,20,TLR3,Tlr3,1
PD,mouse,21,RAB3A,Rab3a,4
PD,mouse,21,YKT6,Ykt6,2
PD,mouse,21,CSNK2A1,Csnk2a1,4
PD,mouse,21,CTNNA2,Ctnna2,1
PD,mouse,21,HGS,Hgs,1
PD,mouse,21,Dctn2,Dctn2,1
PD,mouse,21,CALR,Calr,1
PD,mouse,21,CAPN2,Capn2,3
PD,mouse,21,Gnb2,Gnb2,1
PD,mouse,21,Syp,Syp,4
PD,mouse,21,ENSA,Ensa,1
PD,mouse,21,PSMC2,Psmc2,2
PD,mouse,21,SGK1,Sgk1,1
PD,mouse,21,KIF5B,Kif5b,2
PD,mouse,21,SLC6A3,Slc6a3,2
PD,mouse,21,PRSS1,Prss2,1
PD,mouse,21,PPP1CC,Ppp1cc,2
PD,mouse,21,SLC6A4,Slc6a4,9
PD,mouse,21,PPP1CA,Ppp1ca,6
PD,mouse,21,SLC25A4,Slc25a4,2
PD,mouse,21,ARSA,Arsa,1
PD,mouse,21,STXBP1,Stxbp1,4
PD,mouse,21,NEFL,Nefl,4
PD,mouse,21,SPTBN1,Sptbn1,2
PD,mouse,21,G3BP2,G3bp2,2
PD,mouse,21,RAB8B,Rab8b,1
PD,mouse,21,PPP1CB,Ppp1cb,1
PD,mouse,21,CAMK2A,Camk2a,2
PD,mouse,21,NUB1,Nub1,1
PD,mouse,21,FASN,Fasn,1
PD,mouse,21,PPIB,Ppib,2
PD,mouse,21,BRSK1,Brsk1,1
PD,mouse,21,BDH2,Bdh2,1
PD,mouse,21,BAD,Bad,2
PD,mouse,21,PCLO,Pclo,1
PD,mouse,21,UBA52,Uba52,1
PD,mouse,21,Atp6v0a1,Atp6v0a1,2
PD,mouse,21,ATP6V1B2,Atp6v1b2,1
PD,mouse,21,TUBA1A,Tuba1a,3
PD,mouse,21,ATP6V0D1,Atp6v0d1,1
PD,mouse,21,PPP3CA,Ppp3ca,2
PD,mouse,21,SYNGR3,Syngr3,1
PD,mouse,21,TUBA1B,Tuba1b,3
PD,mouse,21,TRIM11,Trim11,1
PD,mouse,21,CEP170,Cep170,1
PD,mouse,21,SNAP91,Snap91,2
PD,mouse,21,SYT1,Syt1,2
PD,mouse,21,Gnao1,Gnao1,5
PD,mouse,21,UBA1,Uba1,2
PD,mouse,21,SCRN1,Scrn1,2
PD,mouse,21,PSMC4,Psmc4,1
PD,mouse,21,PDE4DIP,Pde4dip,3
PD,mouse,21,ATAD1,Atad1,3
PD,mouse,21,TUBB3,Tubb3,2
PD,mouse,21,Sptan1,Sptan1,2
PD,mouse,21,DDX6,Ddx6,2
PD,mouse,21,STX1A,Stx1a,4
PD,mouse,21,KIF5C,Kif5c,2
PD,mouse,21,PTGIS,Ptgis,2
PD,mouse,21,Tmod2,Tmod2,1
PD,mouse,21,Trim3,Trim3,1
PD,mouse,21,MAPK11,Mapk11,5
PD,mouse,21,VAMP2,Vamp2,4
PD,mouse,21,MAP2,Map2,46
PD,mouse,21,DCTN1,Dctn1,2
PD,mouse,21,PTGES3,Ptges3,1
PD,mouse,21,CAMK2B,Camk2b,1
PD,mouse,21,MYH9,Myh9,2
PD,mouse,21,FXR1,Fxr1,2
PD,mouse,21,RAB8A,Rab8a,1
PD,mouse,21,GSK3A,Gsk3a,2
PD,mouse,21,PDHB,Pdhb,3
PD,mouse,21,FBXO2,Fbxo2,1
PD,mouse,21,NAPB,Napb,2
PD,mouse,21,Atp1b1,Atp1b1,2
PD,mouse,21,PRKACA,Prkaca,4
PD,mouse,21,PRKCB,Prkcb,1
PD,mouse,21,ATXN1,Atxn1,12
PD,mouse,21,MARK4,Mark4,1
PD,mouse,21,ARF4,Arf4,1
PD,mouse,21,TIA1,Tia1,7
PD,mouse,21,PPP2CA,Ppp2ca,3
PD,mouse,21,SNCA,Snca,47
PD,mouse,21,CAMK2G,Camk2g,3
PD,mouse,21,GPI,Gpi1,1
PD,mouse,21,MAPT,Mapt,333
PD,mouse,21,ACTG1,Actg1,2
PD,mouse,21,NEDD4,Nedd4,3
PD,mouse,21,PIN1,Pin1,1
PD,mouse,21,SLC1A2,Slc1a2,3
PD,mouse,21,ANK2,Ank2,1
PD,mouse,21,DAG1,Dag1,1
PD,mouse,21,TUBA4A,Tuba4a,1
PD,mouse,21,OXCT1,Oxct1,1
PD,mouse,21,SYN1,Syn1,5
PD,mouse,21,TPPP,Tppp,1
PD,mouse,21,SNCAIP,Sncaip,2
PD,mouse,21,DNM1,Dnm1,4
PD,mouse,21,ACTN1,Actn1,1
PD,mouse,21,KALRN,Kalrn,1
PD,mouse,21,NBR1,Nbr1,1
PD,mouse,21,CRYAB,Cryab,3
PD,mouse,21,S100B,S100b,1
PD,mouse,21,SNCB,Sncb,19
PD,mouse,21,USP5,Usp5,2
PD,mouse,21,HK1,Hk1,2
PD,mouse,21,CAP1,Cap1,1
PD,mouse,21,GDF5,Gdf5,2
PD,mouse,22,CYP2E1,Cyp2e1,7
PD,mouse,22,CYP1A2,Cyp1a2,3
PD,mouse,22,POR,Por,1
PD,yeast,1,ATP2B2,"CCC2, ENA1, ENA2, ENA5, PMA1, PMA2, PMR1, YPK9",185
PD,yeast,1,CCNB1,"CLB1, CLB2, CLN1, CLN2",1
PD,yeast,1,PPIA,"CPR1, CPR3",3
PD,yeast,1,MAP2K7,PBS2,1
PD,yeast,1,YWHAE,BMH2,1
PD,yeast,1,MAOB,FMS1,9
PD,yeast,1,MRPL12,MNP1,2
PD,yeast,1,ATP2A2,"CCC2, ENA1, ENA2, ENA5, PMA1, PMA2, PMR1, YPK9",185
PD,yeast,1,PHACTR2,BNI4,24
PD,yeast,1,STIP1,TOM70,1
PD,yeast,1,UCHL1,YUH1,17
PD,yeast,1,OTUD6A,OTU2,3
PD,yeast,1,FIS1,FIS1,3
PD,yeast,1,PEX14,PEX14,1
PD,yeast,1,UBB,UBI4,6
PD,yeast,1,ZNF598,HEL2,1
PD,yeast,1,YWHAG,BMH2,1
PD,yeast,1,PKM,"CDC19, PYK2",6
PD,yeast,1,MAT2A,"SAM1, SAM2",4
PD,yeast,1,DAPK1,TDA1,1
PD,yeast,1,EIF4E2,CDC33,3
PD,yeast,1,PRMT1,HMT1,4
PD,yeast,1,ACTB,ACT1,3
PD,yeast,1,SSB,LHP1,1
PD,yeast,1,YWHAH,BMH2,1
PD,yeast,2,TPT1,TMA19,5
PD,yeast,2,SLC3A2,IMA1,1
PD,yeast,2,SIN3A,SIN3,1
PD,yeast,2,TXNIP,"ALY2, ROD1",1
PD,yeast,2,RPA4,RFA2,1
PD,yeast,2,MNAT1,TFB3,1
PD,yeast,2,RAD50,RAD50,1
PD,yeast,2,CSNK1A1,"YCK1, YCK2, YCK3",4
PD,yeast,2,WDR76,CMR1,7
PD,yeast,2,RRM1,RNR3,1
PD,yeast,2,MYBL2,REB1,1
PD,yeast,2,WRNIP1,MGS1,1
PD,yeast,2,SMARCB1,SNF5,1
PD,yeast,2,PEX5,PEX5,1
PD,yeast,2,MSH2,MSH2,1
PD,yeast,2,EMG1,EMG1,1
PD,yeast,2,PRPS2,"PRS2, PRS3, PRS4",3
PD,yeast,2,POLA1,POL1,2
PD,yeast,2,CCND1,"CLB1, CLB2, CLN1, CLN2",1
PD,yeast,2,RFC3,RFC5,1
PD,yeast,2,HUWE1,TOM1,15
PD,yeast,2,RAD51,RAD51,1
PD,yeast,2,XRCC5,YKU80,1
PD,yeast,2,SUPT16H,SPT16,4
PD,yeast,2,XPC,RAD4,1
PD,yeast,2,RPL7L1,"RPL7A, RPL7B",4
PD,yeast,2,RNF40,BRE1,2
PD,yeast,2,RSF1,ESA1,1
PD,yeast,2,RFC5,RFC3,1
PD,yeast,2,CSNK1G2,"YCK1, YCK2, YCK3",4
PD,yeast,2,CSNK2A2,CKA2,1
PD,yeast,2,SUB1,SUB1,1
PD,yeast,2,RFC2,RFC4,1
PD,yeast,2,NVL,RIX7,1
PD,yeast,2,MSH6,MSH6,1
PD,yeast,2,SUZ12,NPL6,1
PD,yeast,2,GTF2F1,TFG1,1
PD,yeast,2,IPO4,KAP123,3
PD,yeast,2,SENP3,ULP1,2
PD,yeast,2,SUPT5H,SPT5,2
PD,yeast,2,SURF4,ERV29,5
PD,yeast,2,MCM4,MCM4,2
PD,yeast,2,FBL,NOP1,2
PD,yeast,2,RANBP9,VID30,8
PD,yeast,2,PDS5A,PDS5,5
PD,yeast,2,CTR9,CTR9,3
PD,yeast,2,RRP8,RRP8,1
PD,yeast,2,RPA1,RFA1,2
PD,yeast,2,RFC4,RFC2,1
PD,yeast,2,MCM2,MCM2,1
PD,yeast,2,TRIP12,UFD4,1
PD,yeast,2,MAD2L2,MAD2,2
PD,yeast,2,ERCC6,RAD26,2
PD,yeast,3,HCFC1,MDS3,1
PD,yeast,3,AIMP1,ARC1,4
PD,yeast,3,NUS1,NUS1,1
PD,yeast,3,LATS2,DBF2,1
PD,yeast,3,WDR6,RTT10,1
PD,yeast,3,MAPRE2,BIM1,1
PD,yeast,3,DNAJB6,HLJ1,1
PD,yeast,3,CKAP5,STU2,1
PD,yeast,3,ABCG2,"AUS1, PDR10, PDR12, PDR15, PDR18, PDR5, SNQ2",3
PD,yeast,3,LMAN1,EMP47,2
PD,yeast,3,DPH2,DPH2,2
PD,yeast,3,TUBB4B,TUB2,1
PD,yeast,3,WDR37,YTM1,2
PD,yeast,3,CYB5R3,PGA3,2
PD,yeast,3,PRKACG,"BCY1, TPK1, TPK2, TPK3",5
PD,yeast,3,DNAJA2,YDJ1,7
PD,yeast,3,COPA,COP1,1
PD,yeast,3,EEF1G,"CAM1, TEF4",140
PD,yeast,3,NUP93,NIC96,1
PD,yeast,3,PFKL,PFK2,1
PD,yeast,3,NAPA,SEC17,1
PD,yeast,3,POLR2B,RPB2,1
PD,yeast,3,PRKAG1,SNF4,1
PD,yeast,3,PRPF8,PRP8,1
PD,yeast,3,G6PD,ZWF1,1
PD,yeast,3,LPGAT1,CST26,1
PD,yeast,3,PSMD6,RPN7,2
PD,yeast,3,SGTA,TOM70,1
PD,yeast,3,PPP2R2A,CDC55,1
PD,yeast,3,MAD2L1,MAD2,2
PD,yeast,3,GOT2,AAT2,1
PD,yeast,3,TSSK1B,"FRK1, KIN2, KKQ8, NPR1, PTK2, VHS1",6
PD,yeast,3,HSPA8,"SSE1, SSE2",219
PD,yeast,3,CCNI2,"CLB1, CLB2, CLN1, CLN2",1
PD,yeast,3,ATP6V1A,VMA1,4
PD,yeast,3,TAF6L,TAF6,1
PD,yeast,3,AQP2,"AQY1, FPS1",2
PD,yeast,3,PFKM,PFK2,1
PD,yeast,3,ATXN2,PBP1,2
PD,yeast,3,KIF11,CIN8,1
PD,yeast,3,PPP6R3,"SAP155, SAP190, SAP4",1
PD,yeast,3,SIRT2,HST2,3
PD,yeast,3,DNAJB1,HLJ1,1
PD,yeast,3,HSPA2,"SSB1, SSB2",24
PD,yeast,3,RAD23A,RAD23,1
PD,yeast,3,NPEPPS,APE2,1
PD,yeast,3,PRODH,PUT1,1
PD,yeast,3,RUVBL2,RVB2,15
PD,yeast,3,SMC3,SMC3,1
PD,yeast,3,DNAJC2,ZUO1,2
PD,yeast,3,SF3B3,"CFT1, RSE1",1
PD,yeast,3,NMNAT3,"NMA1, NMA2",1
PD,yeast,3,PHGDH,SER3,1
PD,yeast,3,RPAP1,RBA50,1
PD,yeast,3,PSMD4,RPN10,12
PD,yeast,3,HCFC2,MDS3,1
PD,yeast,3,CPOX,HEM13,1
PD,yeast,3,PPP6C,SIT4,1
PD,yeast,3,FH,FUM1,3
PD,yeast,3,LRP2BP,"HRD3, SKT5",2
PD,yeast,3,PPP6R1,"SAP155, SAP190, SAP4",1
PD,yeast,3,PPA1,IPP1,1
PD,yeast,3,CAD,URA2,2
PD,yeast,3,CSNK1E,"YCK1, YCK2, YCK3",4
PD,yeast,3,SUGT1,TOM70,1
PD,yeast,4,SIK1,"FRK1, KIN2, KKQ8, NPR1, PTK2, VHS1",6
PD,yeast,4,VDAC1,POR1,7
PD,yeast,4,PSMD1,RPN2,3
PD,yeast,4,LSM14B,SCD6,2
PD,yeast,4,SAMM50,SAM50,13
PD,yeast,4,TOMM20,TOM20,1
PD,yeast,4,AHSA1,AHA1,3
PD,yeast,4,PDK1,PKP2,2
PD,yeast,4,IRAK1,ALK2,1
PD,yeast,4,PFKP,PFK2,1
PD,yeast,4,MAPKAP1,AVO1,1
PD,yeast,4,PSMD3,RPN3,2
PD,yeast,4,MAPK14,"KDX1, SLT2",211
PD,yeast,4,LATS1,DBF2,1
PD,yeast,4,MAPK4,"KDX1, SKY1, SLT2",211
PD,yeast,4,CLUH,CLU1,6
PD,yeast,4,POLDIP2,SMI1,1
PD,yeast,4,FAF1,UBX3,1
PD,yeast,4,HSPA6,"LHS1, SSE1, SSE2",219
PD,yeast,4,PDPK1,PKH1,1
PD,yeast,4,HSP90AA1,"HSC82, HSP82",22
PD,yeast,4,MRPL4,YML6,2
PD,yeast,4,BECN1,VPS30,1
PD,yeast,4,IWS1,SPN1,1
PD,yeast,4,TOMM40,TOM40,1
PD,yeast,4,CDC37,CDC37,1
PD,yeast,5,PRPF40A,PRP40,1
PD,yeast,5,HIP1,SLA2,1
PD,yeast,5,PRPF40B,PRP40,1
PD,yeast,5,HMOX1,HMX1,8
PD,yeast,5,PIAS1,SIZ1,1
PD,yeast,5,CDC20B,CDC20,1
PD,yeast,5,TAB1,PTC5,3
PD,yeast,5,TRIP10,BZZ1,2
PD,yeast,5,ZDHHC17,AKR1,1
PD,yeast,5,FBXO42,MDS3,1
PD,yeast,5,PIAS4,SIZ1,1
PD,yeast,6,POLG,MIP1,17
PD,yeast,6,CS,CIT1,1
PD,yeast,6,RANBP10,VID30,8
PD,yeast,6,GID4,VID24,9
PD,yeast,6,UQCRC1,QCR2,2
PD,yeast,6,SDHB,SDH2,1
PD,yeast,6,LONP1,PIM1,5
PD,yeast,6,IMMP2L,IMP2,2
PD,yeast,6,POLG2,GRS1,2
PD,yeast,6,MDH2,MDH2,1
PD,yeast,6,TFB1M,DIM1,1
PD,yeast,6,MAEA,FYV10,1
PD,yeast,6,MTG2,MTG2,2
PD,yeast,6,PDHA1,PDA1,3
PD,yeast,6,STUB1,TOM70,1
PD,yeast,6,TSPYL6,"NAP1, VPS75",3
PD,yeast,6,C1QBP,MAM33,1
PD,yeast,7,MRPS15,MRPS28,1
PD,yeast,7,NOC2L,NOC2,3
PD,yeast,7,TAF9B,TAF9,1
PD,yeast,7,BYSL,ENP1,5
PD,yeast,7,EIF5A,HYP2,2
PD,yeast,7,SRPK2,"KDX1, SKY1, SLT2",211
PD,yeast,7,HIRA,"HIR1, HIR2",1
PD,yeast,7,PSMC5,RPT6,1
PD,yeast,7,POLR2A,RPO21,6
PD,yeast,7,WDR18,IPI3,2
PD,yeast,7,CPSF1,"CFT1, RSE1",1
PD,yeast,7,SRP54,SRP54,5
PD,yeast,7,COPS2,RPN6,1
PD,yeast,7,CCND3,"CLB1, CLB2, CLN1, CLN2",1
PD,yeast,7,REXO4,REX4,2
PD,yeast,7,NGDN,LCP5,1
PD,yeast,7,DNTTIP2,FCF2,1
PD,yeast,7,RAN,GSP1,4
PD,yeast,7,MRPS2,MRP4,2
PD,yeast,8,RPS11,RPS11A,2
PD,yeast,8,DDX27,DRS1,3
PD,yeast,8,RPL6,"RPL6A, RPL6B",226
PD,yeast,8,RPL14,"RPL14A, RPL14B",217
PD,yeast,8,RPL18,"RPL18A, RPL18B",5
PD,yeast,8,RPL17,"RPL17A, RPL17B",5
PD,yeast,8,MRPL10,MRPL11,3
PD,yeast,8,RPL13A,"RPL16A, RPL16B",8
PD,yeast,8,RPS29,"RPS29A, RPS29B",3
PD,yeast,8,RPS7,"RPS7A, RPS7B",10
PD,yeast,8,MRPL3,MRPL9,2
PD,yeast,8,DUS2,SMM1,1
PD,yeast,8,RPS8,"RPS8A, RPS8B",639
PD,yeast,8,MRPL28,MRPL24,2
PD,yeast,8,RPSA,"RPS0A, RPS0B",10
PD,yeast,8,CEBPZ,MAK21,1
PD,yeast,8,RPF1,RPF1,3
PD,yeast,8,RPS14,RPS14A,13
PD,yeast,8,RPS25,"RPS25A, RPS25B",2
PD,yeast,8,RPL27,"RPL27A, RPL27B",8
PD,yeast,8,NFX1,FAP1,4
PD,yeast,8,RPS15A,RPS22A,11
PD,yeast,8,MRPS9,MRPS9,1
PD,yeast,8,G3BP1,BRE5,10
PD,yeast,8,RPF2,RPF2,10
PD,yeast,8,RPS12,RPS12,11
PD,yeast,8,KRR1,KRR1,6
PD,yeast,8,RPL7,"RPL7A, RPL7B",4
PD,yeast,8,MRPL2,RML2,2
PD,yeast,8,RPL31,"RPL31A, RPL31B",11
PD,yeast,8,RPL35,RPL35A,1
PD,yeast,8,MYBBP1A,POL5,1
PD,yeast,8,RPS6KB2,"FPK1, KIN82",2
PD,yeast,8,RPS26,"RPS26A, RPS26B",2
PD,yeast,8,GTPBP4,NOG1,1
PD,yeast,8,RPL9,RPL9A,5
PD,yeast,8,RPL4,"RPL4A, RPL4B",7
PD,yeast,8,RPL3L,RPL3,5
PD,yeast,8,MRPL43,MRPL51,1
PD,yeast,8,DAP3,RSM23,2
PD,yeast,8,PPP2R5A,RTS1,1
PD,yeast,8,MRPL32,MRPL32,1
PD,yeast,8,EIF2S1,SUI2,1
PD,yeast,8,RPS6,"RPS6A, RPS6B",5
PD,yeast,8,RPL29,RPL29,1
PD,yeast,8,MRPS7,RSM7,1
PD,yeast,8,PPIG,"CPR1, CPR3",3
PD,yeast,8,NOP56,NOP56,1
PD,yeast,8,MRPL47,MRPL4,2
PD,yeast,8,RPL23,"RPL23A, RPL23B",3
PD,yeast,8,DDX24,MAK5,2
PD,yeast,8,NOC3L,NOC3,1
PD,yeast,8,RPL24,"RPL24A, RPL24B",5
PD,yeast,8,MRPL23,MRP20,3
PD,yeast,8,RSL1D1,"RPL8A, RPL8B",5
PD,yeast,8,RPL26,"RPL26A, RPL26B",11
PD,yeast,8,RPS18,"RPS18A, RPS18B",11
PD,yeast,8,DDX54,DBP10,19
PD,yeast,8,RBM28,WHI3,6
PD,yeast,8,RPL5,RPL5,5
PD,yeast,8,MRPL22,MRPL22,1
PD,yeast,8,MRPS35,RSM24,2
PD,yeast,8,RPL35A,RPL33A,6
PD,yeast,8,CCNF,"CLB1, CLB2, CLN1, CLN2",1
PD,yeast,8,TSR1,TSR1,2
PD,yeast,8,XRN2,RAT1,4
PD,yeast,8,RPL32,RPL32,7
PD,yeast,8,RPL13,"RPL13A, RPL13B",3
PD,yeast,8,RPLP0,RPP0,5
PD,yeast,8,RPS28,RPS28A,1
PD,yeast,8,RPL15,"RPL15A, RPL15B",5
PD,yeast,8,BRIX1,BRX1,2
PD,yeast,8,DDX10,HCA4,3
PD,yeast,8,DRG1,RBG1,3
PD,yeast,8,RPLP2,"RPP2A, RPP2B",4
PD,yeast,8,RPS9,"RPS9A, RPS9B",6
PD,yeast,8,RIOK1,RIO1,6
PD,yeast,8,RPL10,RPL10,6
PD,yeast,8,RPS5,RPS5,2
PD,yeast,8,EEF1A1,GCD11,1
PD,yeast,8,RRS1,RRS1,1
PD,yeast,8,RPL12,"RPL12A, RPL12B",5
PD,yeast,8,RPL7A,"RPL8A, RPL8B",5
PD,yeast,8,RPL30,RPL30,5
PD,yeast,8,UTP23,UTP23,1
PD,yeast,8,RPS4X,"RPS4A, RPS4B",2
PD,yeast,8,MRPL16,MRPL16,1
PD,yeast,8,DKC1,CBF5,2
PD,yeast,8,RPL38,RPL38,4
PD,yeast,8,SRP68,SRP68,1
PD,yeast,8,NOP16,NOP16,1
PD,yeast,8,MRPL46,MRPL17,3
PD,yeast,8,RPS24,"RPS24A, RPS24B",2
PD,yeast,8,RPS13,RPS13,9
PD,yeast,8,TTF1,REB1,1
PD,yeast,8,RPS16,RPS16A,3
PD,yeast,8,RPL11,MRPL7,2
PD,yeast,8,NAT10,KRE33,1
PD,yeast,8,FTSJ3,SPB1,1
PD,yeast,8,RPS21,RPS21B,2
PD,yeast,8,GNL2,NOG2,3
PD,yeast,8,EIF6,TIF6,2
PD,yeast,8,RPL10L,RPL10,6
PD,yeast,8,NOP2,NOP2,3
PD,yeast,8,RPL8,"RPL2A, RPL2B",6
PD,yeast,8,MRPL17,MRPL8,2
PD,yeast,8,EBNA1BP2,EBP2,1
PD,yeast,8,NOL10,ENP2,1
PD,yeast,8,MRPL15,MRPL10,1
PD,yeast,8,RPL18A,RPL20A,5
PD,yeast,8,PTEN,TEP1,1
PD,yeast,8,RPS17,"RPS17A, RPS17B",7
PD,yeast,8,RPL27A,RPL28,3
PD,yeast,8,DDX56,DBP9,2
PD,yeast,8,RPS23,RPS23A,2
PD,yeast,8,MRPS5,MRPS5,2
PD,yeast,8,RPS20,RPS20,9
PD,yeast,8,MRPL11,MRPL19,1
PD,yeast,8,RPS3,RPS3,13
PD,yeast,8,CCNA2,"CLB1, CLB2, CLN1, CLN2",1
PD,yeast,8,RPS2,RPS2,11
PD,yeast,8,CNBP,GIS2,15
PD,yeast,8,ZCCHC7,AIR1,1
PD,yeast,8,NOL12,RRP17,3
PD,yeast,8,RPL19,"RPL19A, RPL19B",5
PD,yeast,8,RBM19,MRD1,1
PD,yeast,8,RPL3,RPL3,5
PD,yeast,8,RPLP1,"RPP1A, RPP2A, RPP2B",4
PD,yeast,8,OTUD6B,OTU2,3
PD,yeast,8,RPL21,"RPL21A, RPL21B",5
PD,yeast,8,DDX52,ROK1,1
PD,yeast,8,RPL26L1,"RPL26A, RPL26B",11
PD,yeast,9,MAPK6,"KDX1, SKY1, SLT2",211
PD,yeast,9,VPS26A,PEP8,1
PD,yeast,9,TPP2,PRB1,1
PD,yeast,9,GSTO2,"CAM1, TEF4",140
PD,yeast,9,MCTS1,TMA20,1
PD,yeast,9,NAA15,NAT1,2
PD,yeast,9,MAP2K1,"MKK1, MKK2",2
PD,yeast,9,UPF1,NAM7,2
PD,yeast,9,VPS26B,PEP8,1
PD,yeast,9,USO1,USO1,2
PD,yeast,9,EIF4G2,"TIF4631, TIF4632",7
PD,yeast,9,LETM1,"MDM38, YLH47",1
PD,yeast,9,MCM7,MCM7,1
PD,yeast,9,DIS3,DIS3,1
PD,yeast,9,ZMPSTE24,STE24,2
PD,yeast,9,VPS29,VPS29,1
PD,yeast,9,ETF1,SUP45,2
PD,yeast,9,VRK1,"HRR25, YCK1, YCK2, YCK3",4
PD,yeast,9,SLC18A2,"TPO2, TPO3",59
PD,yeast,9,MRM1,MRM1,1
PD,yeast,9,DDX31,DBP7,2
PD,yeast,9,PPID,CPR6,4
PD,yeast,9,ANKFY1,SPT23,1
PD,yeast,9,TTC4,TOM70,1
PD,yeast,9,ADK,ADO1,2
PD,yeast,9,EEF1A2,GCD11,1
PD,yeast,9,HDLBP,SCP160,10
PD,yeast,9,SBDS,SDO1,1
PD,yeast,9,VPS35,VPS35,54
PD,yeast,9,CCNYL1,SIP3,1
PD,yeast,9,CSTF3,RNA14,1
PD,yeast,10,BCAT1,"BAT1, BAT2",3
PD,yeast,10,PRDX6,PRX1,1
PD,yeast,10,PSMB7,PRE3,1
PD,yeast,10,OMA1,OMA1,1
PD,yeast,10,SKP1,SKP1,4
PD,yeast,10,PYCR1,PRO3,2
PD,yeast,10,HSPA9,"ECM10, SSC1",625
PD,yeast,10,PSMA5,PUP2,1
PD,yeast,10,DNAJB12,HLJ1,1
PD,yeast,10,ENO1,"ENO1, ENO2, ERR1, ERR2, ERR3",232
PD,yeast,10,PRDX3,TSA1,6
PD,yeast,10,ENO2,"ENO1, ENO2, ERR1, ERR2, ERR3",232
PD,yeast,10,PSMB9,PRE3,1
PD,yeast,10,ENO3,"ENO1, ENO2, ERR1, ERR2, ERR3",232
PD,yeast,10,ALDH1B1,"ALD2, ALD3, ALD4, ALD5, ALD6",127
PD,yeast,10,PGK1,PGK1,3
PD,yeast,10,TIMM44,TIM44,1
PD,yeast,10,GSTO1,"CAM1, TEF4",140
PD,yeast,10,PARK7,"HSP31, HSP32, HSP33, SNO4",16
PD,yeast,10,RNF20,BRE1,2
PD,yeast,10,PSMD2,RPN1,11
PD,yeast,10,ARHGDIA,RDI1,1
PD,yeast,10,ALDH1A2,"ALD2, ALD3, ALD4, ALD5, ALD6",127
PD,yeast,10,STXBP2,SEC1,1
PD,yeast,10,UBR2,UBR2,1
PD,yeast,10,HSPE1,HSP10,3
PD,yeast,10,TPI1,TPI1,6
PD,yeast,10,ATP2B4,"CCC2, ENA1, ENA2, ENA5, PMA1, PMA2",185
PD,yeast,10,PSMA2,PRE8,8
PD,yeast,10,HSPD1,HSP60,3
PD,yeast,10,AK2,ADK1,2
PD,yeast,10,COPS4,RPN5,2
PD,yeast,10,UBXN2A,SHP1,2
PD,yeast,10,SHPRH,IRC20,2
PD,yeast,10,HNRNPK,HEK2,11
PD,yeast,10,DNLZ,ZIM17,1
PD,yeast,10,PGAM1,GPM1,6
PD,yeast,10,LDHAL6A,MDH1,6
PD,yeast,10,TRAP1,"HSC82, HSP82",22
PD,yeast,10,SUCLG2,LSC2,1
PD,yeast,10,GAPDH,"TDH1, TDH2, TDH3",5
PD,yeast,10,COPS6,RPN8,1
PD,yeast,10,GRPEL1,MGE1,3
PD,yeast,10,LDHB,MDH1,6
PD,yeast,10,HSPA4,"SSE1, SSE2",219
PD,yeast,10,ALDH1A1,"ALD2, ALD3, ALD4, ALD5, ALD6",127
PD,yeast,10,MAPK8,"KDX1, SKY1, SLT2",211
PD,yeast,10,ACO2,ACO1,4
PD,yeast,10,PSMB5,PRE3,1
PD,yeast,10,ALDH2,"ALD2, ALD3, ALD4, ALD5, ALD6",127
PD,yeast,10,DNAJC19,PAM18,1
PD,yeast,10,PSMB6,PRE3,1
PD,yeast,10,PSMB2,PRE1,3
PD,yeast,10,EIF4E,CDC33,3
PD,yeast,10,PDIA3,PDI1,4
PD,yeast,10,NEDD8,RUB1,1
PD,yeast,10,NDFIP1,BSD2,1
PD,yeast,10,ALDH6A1,"ALD2, ALD3, ALD4, ALD6",127
PD,yeast,10,COPS3,RPN3,2
PD,yeast,10,PSMA7,PRE3,1
PD,yeast,10,DSTN,COF1,4
PD,yeast,12,PIAS2,SIZ1,1
PD,yeast,12,ALDH3B1,"ALD2, ALD3, ALD4, ALD5, ALD6, HFD1",127
PD,yeast,12,UBR1,UBR2,1
PD,yeast,12,PSMC1,RPT2,1
PD,yeast,12,MAP2K4,"MKK1, MKK2",2
PD,yeast,12,NXF1,MEX67,2
PD,yeast,12,SH3YL1,YSC84,2
PD,yeast,12,UBE2I,UBC9,1
PD,yeast,12,DAB2IP,IRA2,3
PD,yeast,13,HIP1R,SLA2,1
PD,yeast,13,LZTR1,MDS3,1
PD,yeast,13,GAK,SWA2,20
PD,yeast,13,AP2B1,APL6,2
PD,yeast,13,SEC16A,SEC16,1
PD,yeast,13,SORT1,"PEP1, VTH1",1
PD,yeast,13,GALT,GAL7,1
PD,yeast,13,CLTC,CHC1,6
PD,yeast,13,AMPH,"PIN3, RVS167",1
PD,yeast,13,DDB1,"CFT1, RSE1",1
PD,yeast,13,SYNJ1,"INP52, INP53",38
PD,yeast,13,SH2D1A,"INP52, INP53",38
PD,yeast,13,INF2,BNI1,2
PD,yeast,13,HSPBP1,FES1,3
PD,yeast,13,HSP90AB1,"HSC82, HSP82",22
PD,yeast,13,CCNG1,"CLB1, CLB2, CLN1, CLN2",1
PD,yeast,14,TTC1,TOM70,1
PD,yeast,14,GSPT1,GCD11,1
PD,yeast,14,IRAK2,ALK2,1
PD,yeast,14,CDC37L1,CDC37,1
PD,yeast,14,NUP98,NUP100,1
PD,yeast,14,TWF2,TWF1,1
PD,yeast,14,HSPH1,"SSE1, SSE2",219
PD,yeast,14,PIK3C3,VPS34,1
PD,yeast,14,PSMD14,RPN11,17
PD,yeast,14,UBQLN2,DSK2,1
PD,yeast,14,DNAJB8,HLJ1,1
PD,yeast,14,TOMM34,"STI1, TOM70",4
PD,yeast,14,SH2D1B,"INP52, INP53",38
PD,yeast,14,ATP1A1,"CCC2, ENA1, ENA2, ENA5, PMA1, PMA2",185
PD,yeast,14,CTPS1,URA7,4
PD,yeast,14,DNAJB14,HLJ1,1
PD,yeast,14,SRPK1,"KDX1, SKY1, SLT2",211
PD,yeast,14,MAPK7,"KDX1, SLT2",211
PD,yeast,14,CELF1,WHI3,6
PD,yeast,14,HNRNPM,"GBP2, HRB1",4
PD,yeast,14,SF1,MSL5,2
PD,yeast,14,CCT4,CCT4,1
PD,yeast,14,DDX17,DBP2,6
PD,yeast,14,YTHDF1,PHO92,1
PD,yeast,14,DNAJB2,HLJ1,1
PD,yeast,14,SORD,AST1,1
PD,yeast,14,TUFM,TUF1,4
PD,yeast,14,ATG2B,ATG2,2
PD,yeast,14,PC,PYC1,1
PD,yeast,14,SPAG1,TOM70,1
PD,yeast,14,DNAJB5,HLJ1,1
PD,yeast,14,INSIG2,NSG1,2
PD,yeast,14,HSPA1L,"LHS1, SSE1, SSE2",219
PD,yeast,14,TALDO1,"NQM1, TAL1",73
PD,yeast,14,ST13,TOM70,1
PD,yeast,14,CDK9,SGV1,3
PD,yeast,14,HSPA1A,"SSE1, SSE2",219
PD,yeast,14,EEF2,"EFT1, EFT2",4
PD,yeast,14,PSMD11,RPN6,1
PD,yeast,14,LDHA,MDH1,6
PD,yeast,15,KAT5,ESA1,1
PD,yeast,15,RPS6KA5,"FPK1, KIN82",2
PD,yeast,15,CDK1,CDC28,8
PD,yeast,16,AAK1,PRK1,1
PD,yeast,16,MFSD8,"ARN1, QDR2",1
PD,yeast,16,ATP13A2,"CCC2, ENA1, ENA2, ENA5, PMA1, PMA2, PMR1, YPK9",185
PD,yeast,17,GGA2,"GGA1, GGA2, HSE1",1
PD,yeast,17,PPM1A,PTC5,3
PD,yeast,17,STT3B,STT3,1
PD,yeast,17,DDOST,WBP1,3
PD,yeast,17,HMGCR,"HMG1, HMG2",83
PD,yeast,17,PRDX4,TSA1,6
PD,yeast,17,SDF2L1,PMT1,4
PD,yeast,17,SEC61A1,"SEC61, SSH1",19
PD,yeast,17,HMGCLL1,"LEU4, LEU9",2
PD,yeast,17,ABCE1,RLI1,2
PD,yeast,17,SLC38A2,"AVT1, AVT4, AVT5, AVT6",42
PD,yeast,17,INPPL1,"INP52, INP53",38
PD,yeast,17,HYOU1,LHS1,2
PD,yeast,17,PHB2,PHB2,2
PD,yeast,17,ATG9A,ATG9,6
PD,yeast,17,HSP90B1,"HSC82, HSP82",22
PD,yeast,17,CDC42,CDC42,1
PD,yeast,17,GGA1,"GGA1, GGA2, HSE1",1
PD,yeast,17,CLTCL1,CHC1,6
PD,yeast,17,GGA3,"GGA1, GGA2, HSE1",1
PD,yeast,17,INSIG1,NSG1,2
PD,yeast,17,HSPA4L,"SSE1, SSE2",219
PD,yeast,17,RICTOR,TSC11,1
PD,yeast,17,RASA1,IRA2,3
PD,yeast,17,SYVN1,HRD1,4
PD,yeast,17,RMND1,"RMD1, RMD8",2
PD,yeast,17,P4HB,PDI1,4
PD,yeast,17,HSPA1B,"SSE1, SSE2",219
PD,yeast,17,VAPB,SCS2,3
PD,yeast,17,TMX1,PDI1,4
PD,yeast,17,VAPA,SCS2,3
PD,yeast,17,SLC30A6,"MMT1, MMT2",15
PD,yeast,17,VPS13C,VPS13,65
PD,yeast,17,SLC30A5,"MMT1, MMT2",15
PD,yeast,18,RPS6KA1,"FPK1, KIN82",2
PD,yeast,18,ATF2,"CST6, SKO1",1
PD,yeast,18,ABCB1,"MDL1, MDL2",19
PD,yeast,18,RPS6KA6,"FPK1, KIN82",2
PD,yeast,18,RPS6KA3,"FPK1, KIN82",2
PD,yeast,18,PSMB8,PRE3,1
PD,yeast,18,MAP2K2,"MKK1, MKK2",2
PD,yeast,18,FBP2,FBP1,42
PD,yeast,18,LTN1,RKR1,3
PD,yeast,18,ME1,MAE1,2
PD,yeast,18,RPS6KA4,"FPK1, KIN82",2
PD,yeast,18,RPS6KA2,"FPK1, KIN82",2
PD,yeast,18,FBP1,FBP1,42
PD,yeast,18,MAPK3,"KDX1, SKY1, SLT2",211
PD,yeast,18,MAPK1,"KDX1, SLT2",211
PD,yeast,18,BIN1,"PIN3, RVS167",1
PD,yeast,18,RPTOR,KOG1,4
PD,yeast,18,USP7,UBP14,2
PD,yeast,18,MKNK1,NNK1,1
PD,yeast,20,POMT2,PMT2,3
PD,yeast,20,SQLE,ERG1,1
PD,yeast,20,EIF2AK3,GCN2,4
PD,yeast,21,YKT6,YKT6,1
PD,yeast,21,RUVBL1,RVB1,13
PD,yeast,21,PPP2CB,PPH22,1
PD,yeast,21,CSNK2A1,CKA2,1
PD,yeast,21,ARPP19,IGO1,1
PD,yeast,21,HGS,"GGA1, GGA2",1
PD,yeast,21,ENSA,IGO1,1
PD,yeast,21,MAPK9,"KDX1, SKY1, SLT2",211
PD,yeast,21,SNRK,"FRK1, KIN2, KKQ8, NPR1, PTK2, VHS1",6
PD,yeast,21,PSMC2,RPT1,3
PD,yeast,21,RPS6KB1,"FPK1, KIN82",2
PD,yeast,21,SGK1,DBF2,1
PD,yeast,21,RAB3IL1,SEC2,1
PD,yeast,21,PPP1CC,PPZ1,1
PD,yeast,21,PPP1CA,PPZ1,1
PD,yeast,21,ATP6V1H,VMA13,2
PD,yeast,21,DCP2,DCP2,1
PD,yeast,21,G3BP2,BRE5,10
PD,yeast,21,RAB3IP,SEC2,1
PD,yeast,21,PPP1CB,PPH22,1
PD,yeast,21,STXBP3,SEC1,1
PD,yeast,21,EEF1D,EFB1,3
PD,yeast,21,PPIB,"CPR1, CPR3",3
PD,yeast,21,BRSK1,"FRK1, KIN2, KKQ8, NPR1, PTK2, VHS1",6
PD,yeast,21,UBA52,"RPL40A, RPL40B",2
PD,yeast,21,PRPS1,"PRS2, PRS3, PRS4",3
PD,yeast,21,Atp6v0a1,"STV1, VPH1",4
PD,yeast,21,ATP6V0D1,VMA6,1
PD,yeast,21,PPP3CA,PPH22,1
PD,yeast,21,PSMC4,RPT3,2
PD,yeast,21,ATAD1,SAP1,1
PD,yeast,21,ALDH1L1,"ALD2, ALD3, ALD4, ALD5, ALD6",127
PD,yeast,21,YOD1,OTU1,1
PD,yeast,21,MAPRE1,BIM1,1
PD,yeast,21,MAPK11,"KDX1, SLT2",211
PD,yeast,21,MAPK13,"HOG1, KDX1, SKY1, SLT2",211
PD,yeast,21,EIF2S3,GCD11,1
PD,yeast,21,PSMC3,RPT5,10
PD,yeast,21,PDHB,PDB1,2
PD,yeast,21,NAPB,SEC17,1
PD,yeast,21,PPP2CA,PPH22,1
PD,yeast,21,GPI,PGI1,5
PD,yeast,21,ACTG1,ACT1,3
PD,yeast,21,PIN1,ESS1,2
PD,yeast,21,XRN1,XRN1,7
PD,yeast,21,AATF,BFR2,1
PD,yeast,21,CSNK1D,"YCK1, YCK2, YCK3",4
PD,yeast,21,GNPNAT1,GNA1,1
PD,yeast,21,MCM5,MCM5,1
PD,yeast,21,CAP1,SRV2,1
PD,yeast,22,RMDN1,IPI1,2
PD,yeast,22,PGRMC1,DAP1,2
PD,yeast,22,FECH,HEM15,1
PD,yeast,22,POR,NCP1,2
PD,fly,0,A2M,"Tep2, Tep3, Tep4",17
PD,fly,0,PZP,"Tep2, Tep3, Tep4",17
PD,fly,0,CFTR,MRP,1
PD,fly,1,ATP2B2,SPoCk,12
PD,fly,1,CCNB1,"CycA, CycB, CycD, CycE",1
PD,fly,1,YWHAE,14-3-3epsilon,2
PD,fly,1,MAOB,"CG10561, CG5653, CG6034, CG7737, CG8032",47
PD,fly,1,ATP2A2,SPoCk,12
PD,fly,1,PHACTR2,CG32264,25
PD,fly,1,SMN1,Smn,2
PD,fly,1,UCHL1,Uch,68
PD,fly,1,UBB,CG11700,2
PD,fly,1,VCP,TER94,2
PD,fly,1,MAOA,"CG10561, CG5653, CG6034, CG7737, CG8032",47
PD,fly,1,AGO2,AGO1,3
PD,fly,1,YWHAG,14-3-3epsilon,2
PD,fly,1,EIF4EBP1,Thor,1
PD,fly,1,SERBP1,vig2,3
PD,fly,1,CDK5,Cdk5,1
PD,fly,1,COPS5,CSN5,1
PD,fly,1,TPM1,Tm2,1
PD,fly,1,YWHAH,14-3-3epsilon,2
PD,fly,2,MBD3L2,MBD-like,2
PD,fly,2,TPT1,Tctp,1
PD,fly,2,NR2C1,"Hr78, usp",3
PD,fly,2,DDC,Ddc,1
PD,fly,2,SLC3A2,Amyrel,1
PD,fly,2,RPA4,RPA2,2
PD,fly,2,CBX1,Su(var)205,1
PD,fly,2,MNAT1,Mat1,1
PD,fly,2,HIPK2,mnb,5
PD,fly,2,CUL4A,Cul4,1
PD,fly,2,STARD7,CG6565,1
PD,fly,2,SMARCB1,Snr1,1
PD,fly,2,OVOL2,hb,1
PD,fly,2,REST,hb,1
PD,fly,2,CASP7,Dcp-1,4
PD,fly,2,CCND1,"CycA, CycB, CycD, CycE",1
PD,fly,2,RFC3,RfC38,1
PD,fly,2,CCNH,CycH,1
PD,fly,2,CETN2,CG13526,1
PD,fly,2,RFC1,Gnf1,30
PD,fly,2,XRCC5,Ku80,1
PD,fly,2,NFAT5,NFAT,1
PD,fly,2,PCNA,PCNA,5
PD,fly,2,RPL7L1,RpL7,4
PD,fly,2,SSRP1,Hmg-2,1
PD,fly,2,MBD3L1,MBD-like,2
PD,fly,2,KAT8,CG1894,2
PD,fly,2,RFC5,RfC3,1
PD,fly,2,HIF1A,sima,4
PD,fly,2,MTA3,MTA1-like,12
PD,fly,2,BUB1B,BubR1,1
PD,fly,2,RFC2,RfC4,1
PD,fly,2,DDIT4,"chrb, scyl",6
PD,fly,2,GSK3B,sgg,1
PD,fly,2,SENP3,Ulp1,1
PD,fly,2,MTA1,MTA1-like,12
PD,fly,2,SUPT5H,Spt5,1
PD,fly,2,MBD3,MBD-like,2
PD,fly,2,XRCC6,"EndoGI, Irbp",3
PD,fly,2,SURF4,Surf4,1
PD,fly,2,RFC4,CG8142,1
PD,fly,2,MAFG,maf-S,1
PD,fly,2,MBD2,MBD-like,2
PD,fly,3,QKI,"qkr58E-1, qkr58E-2",1
PD,fly,3,FDPS,Fpps,1
PD,fly,3,ABCG2,CG31121,2
PD,fly,3,TUBB4B,betaTub56D,1
PD,fly,3,ZSCAN32,hb,1
PD,fly,3,OGT,sxc,1
PD,fly,3,RNF34,CG17019,1
PD,fly,3,PIK3C2A,Pi3K92E,4
PD,fly,3,HBA2,glob1,14
PD,fly,3,ZNF488,CG13287,1
PD,fly,3,PACSIN3,Synd,2
PD,fly,3,CD207,"CG14866, lectin-33A, lectin-46Ca",1
PD,fly,3,MAD2L1,mad2,1
PD,fly,3,HBB,glob1,14
PD,fly,3,CCNI2,"CycA, CycB, CycD, CycE",1
PD,fly,3,AQP2,Drip,1
PD,fly,3,BAG5,stv,18
PD,fly,3,HSPA2,Hsc70-4,2
PD,fly,3,DYNLL1,"Cdlc2, ctp",1
PD,fly,3,PHGDH,CG6287,1
PD,fly,3,RAD21,vtd,1
PD,fly,3,VANGL2,Vang,1
PD,fly,3,PPA1,Nurf-38,1
PD,fly,4,SETDB1,trr,1
PD,fly,4,VDAC1,porin,2
PD,fly,4,IRS4,chico,1
PD,fly,4,ARNT,Met,1
PD,fly,4,LSM14B,tral,1
PD,fly,4,TOMM20,Tom20,15
PD,fly,4,C4A,"Tep2, Tep3, Tep4",17
PD,fly,4,NR2F2,"Hr78, usp",3
PD,fly,4,HSD17B10,scu,6
PD,fly,4,PINK1,Pink1,15
PD,fly,4,MAPK4,SRPK,3
PD,fly,4,NF2,Mer,2
PD,fly,4,HTRA2,HtrA2,7
PD,fly,4,CLUH,clu,2
PD,fly,4,KMT2D,trr,1
PD,fly,4,WEE1,Wee1,15
PD,fly,4,PDPK1,Pdk1,3
PD,fly,4,HSP90AA1,Hsp83,2
PD,fly,4,OPA1,Opa1,2
PD,fly,4,CASP3,Dcp-1,4
PD,fly,4,TSC1,Tsc1,3
PD,fly,4,IWS1,Cp190,1
PD,fly,4,PGAM5,Pgam5,2
PD,fly,4,RB1,Rbf,1
PD,fly,5,SPATA2,tamo,2
PD,fly,5,MPP1,vari,1
PD,fly,5,GK,CG8298,1
PD,fly,5,PRMT2,Art8,1
PD,fly,5,SIAH2,sina,1
PD,fly,5,HMOX1,Ho,17
PD,fly,5,SH3GL3,EndoA,2
PD,fly,5,SQSTM1,ref(2)P,2
PD,fly,5,HTT,htt,5
PD,fly,5,PACSIN1,Synd,2
PD,fly,6,CS,kdn,1
PD,fly,6,SDHB,SdhB,1
PD,fly,6,MDH2,Mdh2,5
PD,fly,6,TSPYL6,Nap1,1
PD,fly,7,SMARCA2,brm,1
PD,fly,7,CREB3L3,"Atf6, CrebB",25
PD,fly,7,MED12,kto,1
PD,fly,7,NR5A2,ftz-f1,3
PD,fly,7,MED14,MED14,1
PD,fly,7,RXRB,"Hr78, usp",3
PD,fly,7,NCOA1,tai,1
PD,fly,7,SRPK2,"SRPK, nmo",15
PD,fly,7,VDR,"EcR, Hr96",88
PD,fly,7,NRF1,ewg,1
PD,fly,7,PSMC5,Rpt6,1
PD,fly,7,NR4A2,Hr38,8
PD,fly,7,NCOA3,tai,1
PD,fly,7,ESRRA,ERR,22
PD,fly,7,COPS2,alien,1
PD,fly,7,RXRG,"Hr78, usp",3
PD,fly,7,RBM6,CG4896,1
PD,fly,7,RXRA,"Hr78, usp",3
PD,fly,7,NR3C1,ERR,22
PD,fly,7,NR1H4,Hr96,6
PD,fly,7,MED1,MED1,1
PD,fly,7,CCND3,"CycA, CycB, CycD, CycE",1
PD,fly,7,ESR2,ERR,22
PD,fly,7,HNF4A,"Hr78, usp",3
PD,fly,7,MED13,skd,2
PD,fly,7,ESRRG,ERR,22
PD,fly,7,GNB1,Gbeta13F,1
PD,fly,7,PPARGC1A,srl,2
PD,fly,7,EWSR1,caz,1
PD,fly,7,NR1I2,"EcR, Hr96",88
PD,fly,7,THRB,Hr96,6
PD,fly,7,CREBBP,nej,2
PD,fly,7,PPARG,"EcR, Hr96",88
PD,fly,7,NCOA2,tai,1
PD,fly,7,NR1I3,Hr96,6
PD,fly,8,RPS11,RpS11,3
PD,fly,8,RPL6,RpL6,100
PD,fly,8,RPL14,RpL14,116
PD,fly,8,RPL18,RpL18,3
PD,fly,8,RPL17,RpL17,3
PD,fly,8,RPL13A,RpL13A,3
PD,fly,8,RPS29,RpS29,3
PD,fly,8,RPS7,RpS7,3
PD,fly,8,RPS8,RpS8,124
PD,fly,8,RPSA,sta,3
PD,fly,8,RPS14,"RpS14a, RpS14b",4
PD,fly,8,RPS25,RpS25,4
PD,fly,8,RPL27,RpL27,3
PD,fly,8,RPS15A,RpS15Aa,3
PD,fly,8,RPS12,RpS12,3
PD,fly,8,RPL7,RpL7,4
PD,fly,8,RPL31,RpL31,3
PD,fly,8,RPL35,RpL35,3
PD,fly,8,RPS6KB2,S6k,1
PD,fly,8,RPS26,RpS26,3
PD,fly,8,RPL9,RpL9,3
PD,fly,8,RPL4,RpL4,3
PD,fly,8,RPL3L,RpL3,3
PD,fly,8,RPS6,RpS6,3
PD,fly,8,RPL29,RpL29,3
PD,fly,8,RECQL4,RecQ4,1
PD,fly,8,RPL23,RpL23,3
PD,fly,8,RPL24,RpL24,3
PD,fly,8,NPM3,Nlp,4
PD,fly,8,RSL1D1,RpL7A,3
PD,fly,8,RPL26,RpL26,3
PD,fly,8,RPS18,RpS18,3
PD,fly,8,RPL5,RpL5,3
PD,fly,8,TARBP2,"Zn72D, blanks, loqs",40
PD,fly,8,RPL35A,RpL35A,3
PD,fly,8,EIF2AK2,Wee1,15
PD,fly,8,CCNF,"CycB, CycD, CycE",1
PD,fly,8,RPS15,RpS15,3
PD,fly,8,RPL13,RpL13,3
PD,fly,8,RPLP0,RpLP0,3
PD,fly,8,RPS28,RpS28b,3
PD,fly,8,RPL15,RpL15,3
PD,fly,8,RPS3A,RpS3A,3
PD,fly,8,RPLP2,RpLP2,3
PD,fly,8,RPS9,RpS9,3
PD,fly,8,RPL10,RpL10,3
PD,fly,8,RPS5,RpS5a,3
PD,fly,8,RPL12,RpL12,3
PD,fly,8,RPL7A,RpL7A,3
PD,fly,8,ANLN,"CG30183, scra",1
PD,fly,8,RPL30,RpL30,3
PD,fly,8,RPS4X,RpS4,3
PD,fly,8,ILF3,"Zn72D, blanks, loqs",40
PD,fly,8,RPL38,RpL38,3
PD,fly,8,SRP68,Srp68,2
PD,fly,8,RPS24,RpS24,3
PD,fly,8,STAU1,"Zn72D, blanks, loqs",40
PD,fly,8,RPS13,RpS13,3
PD,fly,8,RPL28,RpL28,3
PD,fly,8,RPS16,RpS16,4
PD,fly,8,RPL11,RpL11,3
PD,fly,8,STAU2,"Zn72D, blanks, loqs",40
PD,fly,8,RPL10A,RpL10Ab,3
PD,fly,8,RPS21,RpS21,3
PD,fly,8,NPM1,Nlp,4
PD,fly,8,RPL10L,RpL10,3
PD,fly,8,ADAR,blanks,15
PD,fly,8,RPL8,RpL8,3
PD,fly,8,RPL18A,RpL18A,4
PD,fly,8,PTEN,Pten,3
PD,fly,8,PRKRA,"Zn72D, blanks, loqs",40
PD,fly,8,RPS17,RpS17,3
PD,fly,8,RPL27A,RpL27A,3
PD,fly,8,TP53,p53,1
PD,fly,8,RPS23,RpS23,3
PD,fly,8,RPS20,RpS20,3
PD,fly,8,RPS3,RpS3,4
PD,fly,8,CCNA2,"CycB, CycD, CycE",1
PD,fly,8,RPS2,RpS2,3
PD,fly,8,RPL19,RpL19,3
PD,fly,8,RPL3,RpL3,3
PD,fly,8,DICER1,Dcr-1,1
PD,fly,8,RPLP1,RpLP1,3
PD,fly,8,RPL21,RpL21,3
PD,fly,8,RPL26L1,RpL26,3
PD,fly,8,ZNF770,hb,1
PD,fly,9,MAPK6,SRPK,3
PD,fly,9,GSTO2,"Clic, GstD1, GstD10, GstD2, GstD3, GstD4, GstD5, GstD6, GstD7, GstD8, GstD9, GstE1, GstE10, GstE11, GstE12, GstE13, GstE3, GstE5, GstE6, GstE7, GstE8, GstO1, GstO2, GstO3, GstT1, GstT2, GstT3, se",63
PD,fly,9,MAP2K1,Dsor1,2
PD,fly,9,VPS26B,Vps26,2
PD,fly,9,TES,Tes,1
PD,fly,9,VPS29,Vps29,1
PD,fly,9,HPCAL1,CG5890,1
PD,fly,9,CTNNBL1,CG11964,1
PD,fly,9,PAK1,Pak,1
PD,fly,9,SNX3,Snx3,1
PD,fly,9,ANKFY1,CG41099,1
PD,fly,9,HDLBP,Dp1,2
PD,fly,9,HPCAL4,CG5890,1
PD,fly,9,VPS35,Vps35,17
PD,fly,9,PAK2,Pak,1
PD,fly,9,EP300,nej,2
PD,fly,10,TAGLN2,"Chd64, Mp20",6
PD,fly,10,HSPA9,Hsc70-5,25
PD,fly,10,ENO1,Eno,95
PD,fly,10,ENO2,Eno,95
PD,fly,10,ENO3,Eno,95
PD,fly,10,TP73,p53,1
PD,fly,10,HEXB,Hexo1,1
PD,fly,10,PGK1,Pgk,2
PD,fly,10,HSPB1,CG14207,1
PD,fly,10,GSTO1,"Clic, GstD1, GstD10, GstD2, GstD3, GstD4, GstD5, GstD6, GstD7, GstD8, GstD9, GstE1, GstE10, GstE11, GstE12, GstE13, GstE3, GstE5, GstE6, GstE7, GstE8, GstT1, GstT2, GstT3",38
PD,fly,10,PARK7,dj-1beta,7
PD,fly,10,ARHGDIA,RhoGDI,6
PD,fly,10,BAG3,stv,18
PD,fly,10,SSBP1,mtSSB,2
PD,fly,10,HSPE1,CG11267,1
PD,fly,10,ATP2B4,PMCA,1
PD,fly,10,HSPD1,Hsp60B,1
PD,fly,10,COPS4,CSN4,1
PD,fly,10,DNLZ,"CG12379, CG8206",1
PD,fly,10,PGAM1,Pglym78,1
PD,fly,10,SOD2,Sod2,8
PD,fly,10,HIPK1,mnb,5
PD,fly,10,MTA2,MTA1-like,12
PD,fly,10,TRAF6,Traf6,1
PD,fly,10,MAPK8,"SRPK, nmo",15
PD,fly,10,ALDH2,Aldh,17
PD,fly,10,HNRNPL,sm,1
PD,fly,10,TPM3,Tm2,1
PD,fly,10,PDIA3,Pdi,4
PD,fly,10,PSMA6,Prosalpha1,3
PD,fly,10,DSTN,tsr,1
PD,fly,10,EYA2,eya,1
PD,fly,11,EN1,"en, inv",21
PD,fly,11,TLE3,gro,2
PD,fly,12,TPD52L2,CG5174,2
PD,fly,12,DYRK1A,mnb,5
PD,fly,12,ARRB1,krz,1
PD,fly,12,UBE2I,lwr,4
PD,fly,12,ARRB2,krz,1
PD,fly,12,NCS1,CG5890,1
PD,fly,12,TXN2,CG8993,2
PD,fly,13,TNK2,Ack,13
PD,fly,13,BAG2,CG7945,1
PD,fly,13,AR,ERR,22
PD,fly,13,NCK1,dock,1
PD,fly,13,GAK,aux,3
PD,fly,13,GRB2,drk,2
PD,fly,13,NR4A1,Hr38,8
PD,fly,13,CLTC,Chc,1
PD,fly,13,SCAMP1,Scamp,1
PD,fly,13,SH3KBP1,cindr,1
PD,fly,13,GRK6,Gprk2,9
PD,fly,13,AMPH,Amph,1
PD,fly,13,DDB1,pic,1
PD,fly,13,PIK3R2,Pi3K21B,4
PD,fly,13,SYNJ1,"CG6805, CG9784, Synj",20
PD,fly,13,SH2D1A,"CG6805, CG9784, Synj",20
PD,fly,13,KCNIP3,CG5890,1
PD,fly,13,GRK4,Gprk2,9
PD,fly,13,DNAJC13,Rme-8,9
PD,fly,13,HSP90AB1,Hsp83,2
PD,fly,13,ITSN1,Dap160,1
PD,fly,13,BAG4,stv,18
PD,fly,13,PIK3R3,Pi3K21B,4
PD,fly,13,CCNG1,"CycA, CycB, CycD, CycE",1
PD,fly,13,NCK2,dock,1
PD,fly,14,RANBP1,Nup358,1
PD,fly,14,ANXA1,AnxB9,1
PD,fly,14,PALLD,bt,1
PD,fly,14,NUP98,Nup98-96,1
PD,fly,14,TOMM34,Sgt,1
PD,fly,14,TAGLN,"Chd64, Mp20",6
PD,fly,14,SH2D1B,"CG6805, CG9784, Synj",20
PD,fly,14,SRPK1,SRPK,3
PD,fly,14,CNN2,"Chd64, Mp20",6
PD,fly,14,CUL2,Cul2,1
PD,fly,14,EPS15,Dap160,1
PD,fly,14,RBP1,fabp,4
PD,fly,14,TACC3,tacc,1
PD,fly,14,TARDBP,TBPH,98
PD,fly,14,CDC5L,Cdc5,2
PD,fly,14,FUS,caz,1
PD,fly,14,ILF2,CG5641,1
PD,fly,14,ST13,HIP-R,3
PD,fly,15,TH,ple,22
PD,fly,15,THRA,"EcR, Hr96",88
PD,fly,15,JUN,Jra,2
PD,fly,15,ARIH1,ari-1,2
PD,fly,15,CREM,"Atf6, CrebB",25
PD,fly,15,DNAJC12,Csp,1
PD,fly,15,CREB1,"Atf6, CrebB",25
PD,fly,15,RPS6KA5,S6k,1
PD,fly,16,EPHX1,"Jheh1, Jheh2, Jheh3",4
PD,fly,16,ATP13A2,SPoCk,12
PD,fly,16,HDAC6,HDAC6,2
PD,fly,17,GGA2,Gga,1
PD,fly,17,PTCH1,ptc,3
PD,fly,17,CD209,"CG14866, lectin-33A, lectin-46Ca",1
PD,fly,17,HSPA5,Hsc70-3,1
PD,fly,17,RPN2,OstDelta,1
PD,fly,17,ATP11A,CG31729,1
PD,fly,17,IRS2,chico,1
PD,fly,17,DDOST,Ost48,1
PD,fly,17,UBQLN1,Ubqn,1
PD,fly,17,RAB5C,Rab5,3
PD,fly,17,IGF2R,Lerp,1
PD,fly,17,PLK1,polo,1
PD,fly,17,SEC61A1,Sec61alpha,1
PD,fly,17,ABCE1,pix,1
PD,fly,17,SLC38A2,"CG13384, CG4991, CG7888",5
PD,fly,17,INPPL1,Synj,7
PD,fly,17,ESR1,ERR,22
PD,fly,17,CTSL,Swim,1
PD,fly,17,HSP90B1,Gp93,1
PD,fly,17,ATP11B,CG31729,1
PD,fly,17,ATP9A,CG31729,1
PD,fly,17,GGA1,Gga,1
PD,fly,17,HGF,"CG30287, CG30414",2
PD,fly,17,SNAP29,Snap29,1
PD,fly,17,HRAS,Ras85D,1
PD,fly,17,CLTCL1,Chc,1
PD,fly,17,GGA3,Gga,1
PD,fly,17,RAB30,Rab30,1
PD,fly,17,RAB7A,Rab7,2
PD,fly,17,IRS1,chico,1
PD,fly,17,GDI1,Gdi,4
PD,fly,17,RICTOR,rictor,4
PD,fly,17,TMEM230,CG2611,19
PD,fly,17,P4HB,Pdi,4
PD,fly,17,TMX1,Pdi,4
PD,fly,17,VPS13C,Vps13,5
PD,fly,18,RPS6KA1,S6k,1
PD,fly,18,PGR,ERR,22
PD,fly,18,KHDRBS2,"qkr58E-1, qkr58E-2",1
PD,fly,18,RPS6KA6,S6k,1
PD,fly,18,RPS6KA3,S6k,1
PD,fly,18,MAP2K2,Dsor1,2
PD,fly,18,FBP2,fbp,1
PD,fly,18,RPS6KA4,S6k,1
PD,fly,18,BTRC,slmb,2
PD,fly,18,RPS6KA2,S6k,1
PD,fly,18,TSC2,gig,5
PD,fly,18,MKNK2,Lk6,1
PD,fly,18,LZTS2,CG15365,1
PD,fly,18,TPD52,CG5174,2
PD,fly,18,RAB11A,Rab11,1
PD,fly,18,RARA,"EcR, Hr96",88
PD,fly,18,EYA4,eya,1
PD,fly,18,FBP1,fbp,1
PD,fly,18,MAPK3,"SRPK, nmo",15
PD,fly,18,MAPK1,rl,30
PD,fly,18,BIN1,Amph,1
PD,fly,18,USP7,Usp7,1
PD,fly,18,cic,cic,1
PD,fly,20,EIF2AK3,Wee1,15
PD,fly,21,FABP4,fabp,4
PD,fly,21,HGS,Hrs,1
PD,fly,21,Gnb2,Gbeta13F,1
PD,fly,21,MAPK9,"SRPK, nmo",15
PD,fly,21,RPS6KB1,S6k,1
PD,fly,21,RTN4,Rtnl1,1
PD,fly,21,PPP1CB,flw,2
PD,fly,21,EEF1D,eEF1delta,4
PD,fly,21,UBA52,RpL40,4
PD,fly,21,STX1A,Syx1A,2
PD,fly,21,ANXA2,AnxB9,1
PD,fly,21,CALU,scf,2
PD,fly,21,MAPK13,"SRPK, nmo",15
PD,fly,21,PSMC3,Rpt5,1
PD,fly,21,FXR1,Fmr1,2
PD,fly,21,GSK3A,sgg,1
PD,fly,21,RTN1,Rtnl1,1
PD,fly,21,CRABP2,fabp,4
PD,fly,21,TAGLN3,"Chd64, Mp20",6
PD,fly,21,GRK5,Gprk2,9
PD,fly,21,CRYAB,"CG14207, Hsp22, Hsp23, Hsp26, Hsp67Bc",5
PD,fly,21,PREP,CG5355,1
PD,fly,21,Dynll2,"Cdlc2, ctp",1
PD,fly,21,CALML5,CG13526,1
PD,fly,21,CAP1,capt,5
COVID,mouse,0,CD209,Cd209c,1
COVID,mouse,0,CFI,Cfi,1
COVID,mouse,0,PRNP,Prnp,1
COVID,mouse,0,ITGAM,Itgam,1
COVID,mouse,0,PZP,Mug2,1
COVID,mouse,0,MMP2,Mmp2,1
COVID,mouse,0,MAPT,Mapt,1
COVID,mouse,0,LRP8,Lrp8,1
COVID,mouse,0,APOE,Apoe,29
COVID,mouse,0,LONP1,Lonp1,1
COVID,mouse,0,KLK3,Klk1b27,1
COVID,mouse,0,C3,C3,11
COVID,mouse,0,ST13,St13,1
COVID,mouse,0,A2M,A2m,7
COVID,mouse,1,PCBP1,Pcbp1,1
COVID,mouse,1,ACE2,Ace2,5
COVID,mouse,1,HNRNPA0,Hnrnpa0,1
COVID,mouse,1,DHX9,Dhx9,1
COVID,mouse,1,ELAVL1,Elavl1,1
COVID,mouse,2,OS9,Os9,1
COVID,mouse,2,BSG,Bsg,16
COVID,mouse,2,KCNA3,Kcna3,1
COVID,mouse,2,EXOC4,Exoc4,1
COVID,mouse,3,TNFAIP3,Tnfaip3,2
COVID,mouse,3,TNFRSF1B,Tnfrsf1b,1
COVID,mouse,3,RIPK3,Ripk3,1
COVID,mouse,3,TRADD,Tradd,1
COVID,mouse,3,RIPK1,Ripk1,2
COVID,mouse,3,TBK1,Tbk1,1
COVID,mouse,3,TNF,Tnf,20
COVID,mouse,3,HNRNPD,Hnrnpd,3
COVID,mouse,3,RNF31,Rnf31,1
COVID,mouse,3,RHEB,Rheb,2
COVID,mouse,3,ZFP36,Zfp36,1
COVID,mouse,3,IKBKE,Ikbke,1
COVID,mouse,3,TNIP1,Tnip1,1
COVID,mouse,3,SHARPIN,Sharpin,1
COVID,mouse,3,TNFRSF1A,Tnfrsf1a,1
COVID,mouse,3,IKBKG,Ikbkg,1
COVID,mouse,4,THBS1,Thbs1,1
COVID,mouse,4,PLG,Plg,10
COVID,mouse,4,SERPINF2,Serpinf2,3
COVID,mouse,5,ICAM5,Icam5,9
COVID,mouse,5,OAS1,"Oas1a, Oas1b, Oas1d",3
COVID,mouse,6,MUC1,Muc1,1
COVID,mouse,6,CASP1,Casp1,1
COVID,mouse,6,IBTK,Ibtk,1
COVID,mouse,6,ARID3A,Arid3a,1
COVID,mouse,6,BLNK,Blnk,1
COVID,mouse,6,IL1B,Il1b,8
COVID,mouse,6,HCK,Hck,14
COVID,mouse,6,ERBB3,Erbb3,1
COVID,mouse,6,IKBKB,Ikbkb,1
COVID,mouse,6,CBL,Cbl,2
COVID,mouse,6,CASP8,Casp8,1
COVID,mouse,6,BTK,Btk,26
COVID,mouse,7,IFITM3,"Ifitm2, Ifitm3",10
COVID,mouse,7,AFG3L2,Afg3l2,1
COVID,mouse,7,VCP,Vcp,1
COVID,mouse,7,TGFBR1,Tgfbr1,1
COVID,mouse,7,TMPRSS4,Tmprss4,8
COVID,mouse,8,HTT,Htt,3
COVID,mouse,9,CRP,Crp,3
COVID,mouse,10,ACE,Ace,3
COVID,mouse,10,MYH9,Myh9,1
COVID,mouse,10,AGTR1,Agtr1a,3
COVID,mouse,12,UGCG,Ugcg,14
COVID,mouse,12,PLSCR1,Plscr1,2
COVID,mouse,12,HRG,Hrg,1
COVID,mouse,12,EGFR,Egfr,1
COVID,mouse,13,AGT,Agt,1
COVID,mouse,13,TMEM106B,Tmem106b,2
COVID,mouse,14,SDCBP,Sdcbp,1
COVID,mouse,14,LZTFL1,Lztfl1,8
COVID,mouse,15,SIRT1,Sirt1,1
COVID,mouse,15,NR2E1,Nr2e1,1
COVID,mouse,15,BCL11A,Bcl11a,5
COVID,mouse,18,CCL2,Ccl2,2
COVID,mouse,21,IFNAR2,Ifnar2,2
COVID,mouse,21,TYK2,Tyk2,7
COVID,yeast,8,ARFGEF1,MON2,1
COVID,yeast,8,ARFGEF2,MON2,1
COVID,yeast,8,ATP11A,NEO1,30
COVID,yeast,8,ATP11C,NEO1,30
COVID,fly,0,C4B,"Tep2, Tep3, Tep4",17
COVID,fly,0,CD209,"CG14866, lectin-33A, lectin-46Ca",1
COVID,fly,0,PZP,"Tep2, Tep3, Tep4",17
COVID,fly,0,KLK3,"CG31269, CG3916, CG4053, Send2",2
COVID,fly,0,C4A,"Tep2, Tep3, Tep4",17
COVID,fly,0,C3,"Tep2, Tep3, Tep4",17
COVID,fly,0,CLEC4M,"CG14866, lectin-33A, lectin-46Ca",1
COVID,fly,0,A2M,"Tep2, Tep3, Tep4",17
COVID,fly,0,CFTR,MRP,1
COVID,fly,1,TAGLN2,Mp20,1
COVID,fly,1,SEC61A1,Sec61alpha,1
COVID,fly,1,RPS15A,RpS15Ab,1
COVID,fly,2,BSG,Bsg,9
COVID,fly,2,SLC16A1,"Sln, out",1
COVID,fly,2,SLC16A4,"Sln, out",1
COVID,fly,2,PPA1,Nurf-38,1
COVID,fly,2,CAND2,Cand1,1
COVID,fly,7,ITGB1,mys,1
COVID,fly,7,RPN2,OstDelta,1
COVID,fly,7,DDOST,Ost48,1
COVID,fly,7,TMEM33,Kr-h2,1
COVID,fly,7,SPTLC1,Spt-I,1
COVID,fly,7,TECR,Sc2,1
COVID,fly,7,TMPRSS4,"CG31269, CG3916, CG4053, Send2",2
COVID,fly,8,PTCH1,ptc,1
COVID,fly,8,CLEC4E,"CG14866, lectin-33A, lectin-46Ca",1
COVID,fly,8,ATP11A,"CG31729, CG4301",29
COVID,fly,8,CLEC4D,"CG14866, lectin-33A, lectin-46Ca",1
COVID,fly,8,ATP11C,"CG31729, CG4301",29
COVID,fly,10,ATP2B4,PMCA,1
COVID,fly,11,KLK7,"CG31269, CG3916, CG4053, Send2",2
COVID,fly,12,PLSCR1,"scramb1, scramb2",10
BC,mouse,0,SNTB2,Sntb2,1
BC,mouse,0,ABCA1,Abca1,2
BC,mouse,0,SOWAHC,Sowahc,1
BC,mouse,0,TIAM1,Tiam1,1
BC,mouse,0,GJC1,Gjc1,1
BC,mouse,0,NGEF,Ngef,1
BC,mouse,0,NDUFA9,Ndufa9,1
BC,mouse,0,CIT,Cit,1
BC,mouse,0,PKN2,Pkn2,1
BC,mouse,0,MYOF,Myof,1
BC,mouse,0,GORASP2,Gorasp2,1
BC,mouse,0,RHOA,Rhoa,61
BC,mouse,0,NFKBIA,Nfkbia,1
BC,mouse,0,NUP85,Nup85,1
BC,mouse,0,ARHGAP10,Arhgap10,1
BC,mouse,0,ARHGDIA,Arhgdia,2
BC,mouse,0,TRIO,Trio,1
BC,mouse,0,RTKN,Rtkn,1
BC,mouse,0,ARHGEF18,Arhgef18,1
BC,mouse,0,ARHGAP1,Arhgap1,1
BC,mouse,0,ARHGAP35,Arhgap35,1
BC,mouse,0,COPS2,Cops2,2
BC,mouse,0,GTPBP4,Gtpbp4,1
BC,mouse,0,DGKQ,Dgkq,1
BC,mouse,0,TNFAIP1,Tnfaip1,1
BC,mouse,0,ARHGEF26,Arhgef26,1
BC,mouse,0,CPT1A,Cpt1a,1
BC,mouse,0,ATP2A2,Atp2a2,1
BC,mouse,0,ARHGEF2,Arhgef2,2
BC,mouse,0,ITGB1,Itgb1,1
BC,mouse,0,SRGAP1,Srgap1,2
BC,mouse,0,SCRIB,Scrib,2
BC,mouse,0,KCTD13,Kctd13,5
BC,mouse,0,ARHGAP32,Arhgap32,1
BC,mouse,0,NUP155,Nup155,1
BC,mouse,0,PKN1,Pkn1,1
BC,mouse,0,SLC25A5,Slc25a5,1
BC,mouse,0,Plekhg5,Plekhg5,1
BC,mouse,0,HSPA1A,Hspa1b,1
BC,mouse,0,NQO2,Nqo2,4
BC,mouse,0,UBE2J1,Ube2j1,1
BC,mouse,0,LBR,Lbr,1
BC,mouse,0,PEAK1,Peak1,1
BC,mouse,1,PGR,Pgr,1
BC,mouse,1,KEAP1,Keap1,2
BC,mouse,1,UBE2N,Ube2n,1
BC,mouse,1,ENO1,Eno1,1
BC,mouse,1,MRPS22,Mrps22,1
BC,mouse,1,BRCC3,Brcc3,2
BC,mouse,1,POU2F1,Pou2f1,1
BC,mouse,1,HNRNPD,Hnrnpd,2
BC,mouse,1,PDS5B,Pds5b,1
BC,mouse,1,HAP1,Hap1,1
BC,mouse,1,USP11,Usp11,1
BC,mouse,1,PRR5,Prr5,1
BC,mouse,1,SP1,Sp1,1
BC,mouse,1,KIF20B,Kif20b,1
BC,mouse,1,EWSR1,Ewsr1,1
BC,mouse,1,TOP1,Top1,1
BC,mouse,1,PIN1,Pin1,1
BC,mouse,1,MAPK1,Mapk1,1
BC,mouse,1,CDK2,Cdk2,2
BC,mouse,1,STAT5A,Stat5a,1
BC,mouse,1,PPP1R9B,Ppp1r9b,2
BC,mouse,1,KPNA3,Kpna3,1
BC,mouse,1,USP22,Usp22,2
BC,mouse,1,EZH2,Ezh2,1
BC,mouse,1,BARD1,Bard1,4
BC,mouse,1,SUPT16H,Supt16,1
BC,mouse,1,PIAS4,Pias4,1
BC,mouse,1,CDK16,Cdk16,1
BC,mouse,1,CSTF2,Cstf2,1
BC,mouse,1,SMARCA2,Smarca2,1
BC,mouse,1,MORF4L1,Morf4l1,2
BC,mouse,1,ITPR1,Itpr1,1
BC,mouse,1,PALB2,Palb2,7
BC,mouse,1,PPP6R3,Ppp6r3,1
BC,mouse,1,GIT1,Git1,1
BC,mouse,1,BRCA1,Brca1,43
BC,mouse,1,PDLIM5,Pdlim5,1
BC,mouse,1,BRD7,Brd7,1
BC,mouse,1,DPPA3,Dppa3,1
BC,mouse,1,MCPH1,Mcph1,3
BC,mouse,1,DMC1,Dmc1,1
BC,mouse,1,ROCK2,Rock2,2
BC,mouse,1,ACACA,Acaca,2
BC,mouse,1,NOP2,Nop2,1
BC,mouse,1,EBNA1BP2,Ebna1bp2,1
BC,mouse,1,L3MBTL1,L3mbtl1,1
BC,mouse,1,MORF4L2,Morf4l2,1
BC,mouse,1,BRCA2,Brca2,26
BC,mouse,1,KIF20A,Kif20a,2
BC,mouse,1,MED21,Med21,1
BC,mouse,1,PLEC,Plec,1
BC,mouse,1,BCL2,Bcl2,1
BC,mouse,2,HCFC1,Hcfc1,2
BC,mouse,2,TTK,Ttk,1
BC,mouse,2,KAT2A,Kat2a,1
BC,mouse,2,KRT14,Krt14,1
BC,mouse,2,CASP14,Casp14,1
BC,mouse,2,HIPK2,Hipk2,1
BC,mouse,2,KRT5,Krt5,2
BC,mouse,2,PPIB,Ppib,1
BC,mouse,2,PDCD5,Pdcd5,1
BC,mouse,2,ZWINT,Zwint,1
BC,mouse,2,TRIM65,Trim65,1
BC,mouse,2,PPP1R13B,Ppp1r13b,2
BC,mouse,2,ZBTB16,Zbtb16,1
BC,mouse,2,CCNG1,Ccng1,1
BC,mouse,2,WAC,Wac,1
BC,mouse,2,BCL2L2,Bcl2l2,1
BC,mouse,2,PIAS2,Pias2,1
BC,mouse,2,NDN,Ndn,2
BC,mouse,2,UTP14A,Utp14a,1
BC,mouse,2,MRPS27,Mrps27,1
BC,mouse,2,BCL2L1,Bcl2l1,1
BC,mouse,2,CUL9,Cul9,1
BC,mouse,2,HDAC5,Hdac5,1
BC,mouse,2,UHRF2,Uhrf2,2
BC,mouse,2,ABR,Abr,1
BC,mouse,2,FBXO42,Fbxo42,1
BC,mouse,2,ANKRD2,Ankrd2,1
BC,mouse,2,ZBTB33,Zbtb33,1
BC,mouse,2,GSPT1,Gspt1,1
BC,mouse,2,GNL3L,Gnl3l,1
BC,mouse,2,YEATS2,Yeats2,1
BC,mouse,2,CUL7,Cul7,1
BC,mouse,2,TSC22D1,Tsc22d1,1
BC,mouse,2,TDP2,Tdp2,1
BC,mouse,2,MDM4,Mdm4,1
BC,mouse,2,RPGRIP1L,Rpgrip1l,1
BC,mouse,2,UBE2Q1,Ube2q1,1
BC,mouse,2,RPL11,Rpl11,1
BC,mouse,2,GLS2,Gls2,1
BC,mouse,2,DZIP3,Dzip3,2
BC,mouse,2,RNF128,Rnf128,1
BC,mouse,2,TGM2,Tgm2,1
BC,mouse,2,SSBP1,Ssbp1,1
BC,mouse,2,TAF6,Taf6,1
BC,mouse,2,CCT8,Cct8,1
BC,mouse,2,MYH9,Myh9,1
BC,mouse,2,DNAJC7,Dnajc7,1
BC,mouse,2,SEC24C,Sec24c,1
BC,mouse,2,DNMT1,Dnmt1,4
BC,mouse,2,TP53,Trp53,99
BC,mouse,2,TMUB1,Tmub1,1
BC,mouse,2,PC,Pcx,1
BC,mouse,2,KDM4C,Kdm4c,1
BC,mouse,2,CASP3,Casp3,1
BC,mouse,2,EHMT1,Ehmt1,1
BC,mouse,2,CRYAB,Cryab,1
BC,mouse,2,OBSL1,Obsl1,2
BC,mouse,2,HTT,Htt,4
BC,mouse,2,DAPK1,Dapk1,1
BC,mouse,2,PDCD6,Pdcd6,1
BC,mouse,2,DTX3,Dtx3,1
BC,mouse,3,TNK2,Tnk2,1
BC,mouse,3,GGA2,Gga2,1
BC,mouse,3,SH3GL2,Sh3gl2,1
BC,mouse,3,AGFG1,Agfg1,1
BC,mouse,3,ABL2,Abl2,1
BC,mouse,3,CSF1R,Csf1r,1
BC,mouse,3,ARHGEF1,Arhgef1,1
BC,mouse,3,PIK3CB,Pik3cb,1
BC,mouse,3,MET,Met,47
BC,mouse,3,GAB1,Gab1,1
BC,mouse,3,INSR,Insr,1
BC,mouse,3,SOX2,Sox2,3
BC,mouse,3,HCK,Hck,2
BC,mouse,3,NTRK2,Ntrk2,1
BC,mouse,3,PFKP,Pfkp,1
BC,mouse,3,SH3GL3,Sh3gl3,1
BC,mouse,3,SRC,Src,2
BC,mouse,3,HYOU1,Hyou1,1
BC,mouse,3,ERBB2,Erbb2,1
BC,mouse,3,CBL,Cbl,3
BC,mouse,3,PTK2B,Ptk2b,2
BC,mouse,3,VAV1,Vav1,1
BC,mouse,3,CRK,Crk,1
BC,mouse,3,NUMBL,Numbl,1
BC,mouse,3,AXL,Axl,2
BC,mouse,3,GGA3,Gga3,1
BC,mouse,3,CADM1,Cadm1,19
BC,mouse,3,NF1,Nf1,2
BC,mouse,3,IRS1,Irs1,3
BC,mouse,3,TNIK,Tnik,4
BC,mouse,3,GRIN2B,Grin2b,2
BC,mouse,3,GAPDH,Gapdh,2
BC,mouse,3,ACOT9,Acot10,1
BC,mouse,3,PIK3CA,Pik3ca,11
BC,mouse,3,AP1G1,Ap1g1,1
BC,mouse,3,HSPA1B,Hspa1b,1
BC,mouse,3,PDGFRA,Pdgfra,1
BC,mouse,3,FGD5,Fgd5,1
BC,mouse,3,ALK,Alk,1
BC,mouse,3,ZAP70,Zap70,1
BC,mouse,3,RET,Ret,22
BC,mouse,3,ITSN2,Itsn2,1
BC,mouse,3,EPS8,Eps8,1
BC,mouse,3,PTPRA,Ptpra,2
BC,mouse,3,PTK7,Ptk7,1
BC,mouse,3,PPM1A,Ppm1a,1
BC,mouse,3,CTNNB1,Ctnnb1,3
BC,mouse,3,MAPK9,Mapk9,2
BC,mouse,3,LRP1,Lrp1,2
BC,mouse,3,AP2A1,Ap2a1,2
BC,mouse,3,CTTN,Cttn,1
BC,mouse,3,GNAI3,Gnai3,2
BC,mouse,3,RNF19B,Rnf19b,2
BC,mouse,3,EGFR,Egfr,42
BC,mouse,3,ATXN2,Atxn2,2
BC,mouse,3,WNT2,Wnt2,1
BC,mouse,3,PIK3R1,Pik3r1,4
BC,mouse,3,APBB2,Apbb2,1
BC,mouse,3,DOK1,Dok1,1
BC,mouse,3,MAP4K5,Map4k5,1
BC,mouse,3,CBLB,Cblb,1
BC,mouse,3,PAK1,Pak1,2
BC,mouse,3,AP1S1,Ap1s1,1
BC,mouse,3,PTPN11,Ptpn11,1
BC,mouse,3,GRB7,Grb7,1
BC,mouse,3,ARHGEF7,Arhgef7,2
BC,mouse,3,TUBA1A,Tuba1a,1
BC,mouse,3,TAB1,Tab1,1
BC,mouse,3,AP2S1,Ap2s1,2
BC,mouse,3,PICALM,Picalm,1
BC,mouse,3,ABI1,Abi1,1
BC,mouse,3,EPS15,Eps15,2
BC,mouse,3,AP1M1,Ap1m1,1
BC,mouse,3,SHC3,Shc3,1
BC,mouse,3,GRB2,Grb2,2
BC,mouse,3,EPN1,Epn1,1
BC,mouse,3,LASP1,Lasp1,1
BC,mouse,3,RIN1,Rin1,1
BC,mouse,3,RASA1,Rasa1,1
BC,mouse,3,GJA1,Gja1,1
BC,mouse,3,FES,Fes,1
BC,mouse,3,HSP90AA1,Hsp90aa1,2
BC,mouse,3,ERBB3,Erbb3,2
BC,mouse,3,GRB10,Grb10,1
BC,mouse,3,PIK3C2B,Pik3c2b,1
BC,mouse,3,DNM2,Dnm2,1
BC,mouse,3,WASL,Wasl,1
BC,mouse,3,SNX9,Snx9,1
BC,mouse,3,SQSTM1,Sqstm1,2
BC,mouse,3,SPTLC1,Sptlc1,1
BC,mouse,3,GLUD1,Glud1,1
BC,mouse,3,SOS2,Sos2,1
BC,mouse,3,PRKCA,Prkca,1
BC,mouse,3,GFRA1,Gfra1,1
BC,mouse,3,EIF2B5,Eif2b5,1
BC,mouse,3,NCK2,Nck2,1
BC,mouse,4,KIT,Kit,2
BC,mouse,4,IFNGR1,Ifngr1,1
BC,mouse,4,JAK2,Jak2,2
BC,mouse,4,JAK1,Jak1,1
BC,mouse,4,Rnf220,Rnf220,1
BC,mouse,4,DOCK4,Dock4,1
BC,mouse,4,STAT1,Stat1,31
BC,mouse,4,RNF149,Rnf149,1
BC,mouse,4,SOCS5,Socs5,1
BC,mouse,4,IGBP1,Igbp1,1
BC,mouse,4,DDB1,Ddb1,3
BC,mouse,4,JUN,Jun,2
BC,mouse,4,IRAK1,Irak1,1
BC,mouse,4,ATF3,Atf3,1
BC,mouse,4,PIAS1,Pias1,2
BC,mouse,4,ABL1,Abl1,1
BC,mouse,5,ABCB1,Abcb1b,1
BC,mouse,5,NOS3,Nos3,1
BC,mouse,5,PDGFRB,Pdgfrb,1
BC,mouse,5,RHOB,Rhob,1
BC,mouse,5,MCL1,Mcl1,1
BC,mouse,5,XPO5,Xpo5,1
BC,mouse,5,FASN,Fasn,2
BC,mouse,5,CAV1,Cav1,16
BC,mouse,5,ATG5,Atg5,3
BC,mouse,5,KCNMA1,Kcnma1,1
BC,mouse,5,IKBKB,Ikbkb,3
BC,mouse,5,CC2D1A,Cc2d1a,1
BC,mouse,5,TFRC,Tfrc,19
BC,mouse,5,CXADR,Cxadr,1
BC,mouse,5,FLOT1,Flot1,1
BC,mouse,5,RAC1,Rac1,1
BC,mouse,5,AP2A2,Ap2a2,1
BC,mouse,5,DDR1,Ddr1,14
BC,mouse,5,GABARAP,Gabarap,1
BC,mouse,5,SHC1,Shc1,2
BC,mouse,5,RALY,Raly,1
BC,mouse,5,SCYL2,Scyl2,1
BC,mouse,5,BTK,Btk,1
BC,mouse,5,KCNA3,Kcna3,2
BC,mouse,6,CAMSAP3,Camsap3,1
BC,mouse,6,NME2,Nme2,1
BC,mouse,6,SIN3A,Sin3a,1
BC,mouse,6,NSD1,Nsd1,1
BC,mouse,6,POU4F1,Pou4f1,1
BC,mouse,6,CEBPB,Cebpb,1
BC,mouse,6,PRKDC,Prkdc,1
BC,mouse,6,EHMT2,Ehmt2,1
BC,mouse,6,PPP1CC,Ppp1cc,6
BC,mouse,6,OTUD7B,Otud7b,1
BC,mouse,6,NCOA1,Ncoa1,1
BC,mouse,6,CHD6,Chd6,1
BC,mouse,6,FMR1,Fmr1,3
BC,mouse,6,CUEDC2,Cuedc2,1
BC,mouse,6,PCBD2,Pcbd2,1
BC,mouse,6,SMARCE1,Smarce1,2
BC,mouse,6,SAFB,Safb,1
BC,mouse,6,MAP7,Map7,1
BC,mouse,6,SNRPE,Snrpe,1
BC,mouse,6,POLR2E,Polr2e,1
BC,mouse,6,GRIP1,Grip1,2
BC,mouse,6,NCOR2,Ncor2,1
BC,mouse,6,SLAIN2,Slain2,1
BC,mouse,6,TRIM24,Trim24,1
BC,mouse,6,CCND1,Ccnd1,1
BC,mouse,6,TUBB1,Tubb1,1
BC,mouse,6,ACTA2,Acta2,1
BC,mouse,6,TRPS1,Trps1,1
BC,mouse,6,NSF,Nsf,2
BC,mouse,6,POU4F2,Pou4f2,1
BC,mouse,6,TOM1,Tom1,2
BC,mouse,6,SKIL,Skil,1
BC,mouse,6,CREBBP,Crebbp,3
BC,mouse,6,KIAA1671,2900026A02Rik,1
BC,mouse,6,PURA,Pura,1
BC,mouse,6,KDM4B,Kdm4b,1
BC,mouse,6,EP300,Ep300,3
BC,mouse,6,ZMYND8,Zmynd8,1
BC,mouse,6,CORO1C,Coro1c,1
BC,mouse,6,PRR12,Prr12,1
BC,mouse,6,MACF1,Macf1,2
BC,mouse,6,PABPC4,Pabpc4,1
BC,mouse,6,CUL4B,Cul4b,4
BC,mouse,6,CBR1,Cbr1,1
BC,mouse,6,ZNF598,Zfp598,1
BC,mouse,6,NCOA6,Ncoa6,3
BC,mouse,6,TRAF3,Traf3,1
BC,mouse,6,ESR1,Esr1,31
BC,mouse,6,BCOR,Bcor,1
BC,mouse,6,SIRT1,Sirt1,2
BC,mouse,6,FTSJ3,Ftsj3,1
BC,mouse,6,TDG,Tdg,1
BC,mouse,6,TSC2,Tsc2,1
BC,mouse,6,SUZ12,Suz12,1
BC,mouse,6,GNL2,Gnl2,1
BC,mouse,6,MED16,Med16,1
BC,mouse,6,HNF1A,Hnf1a,7
BC,mouse,6,BCAS3,Bcas3,2
BC,mouse,6,HDAC4,Hdac4,4
BC,mouse,6,KMT2D,Kmt2d,1
BC,mouse,6,DHX30,Dhx30,1
BC,mouse,6,NCOA7,Ncoa7,1
BC,mouse,6,THRB,Thrb,116
BC,mouse,6,NCOR1,Ncor1,2
BC,mouse,6,RRP1B,Rrp1b,1
BC,mouse,6,FKBP4,Fkbp4,1
BC,mouse,6,TLE3,Tle3,1
BC,mouse,6,HNF1B,Hnf1b,1
BC,mouse,6,SIN3B,Sin3b,1
BC,mouse,6,POU5F1,Pou5f1,3
BC,mouse,6,NCOA2,Ncoa2,1
BC,mouse,6,PCBD1,Pcbd1,2
BC,mouse,7,GSK3B,Gsk3b,3
BC,mouse,7,IDH2,Idh2,1
BC,mouse,7,GSK3A,Gsk3a,1
BC,mouse,7,PSEN1,Psen1,1
BC,mouse,7,MKRN1,Mkrn1,1
BC,mouse,7,MAPRE2,Mapre2,1
BC,mouse,7,KLF4,Klf4,1
BC,mouse,7,MAGI1,Magi1,1
BC,mouse,7,CCDC6,Ccdc6,1
BC,mouse,7,FGFR1,Fgfr1,2
BC,mouse,7,ANLN,Anln,1
BC,mouse,7,AXIN1,Axin1,3
BC,mouse,7,APC,Apc,42
BC,mouse,7,MYO6,Myo6,1
BC,mouse,7,CDH1,Cdh1,38
BC,mouse,7,CTNND1,Ctnnd1,2
BC,mouse,7,CSNK1E,Csnk1e,2
BC,mouse,7,EZR,Ezr,1
BC,mouse,7,CDC27,Cdc27,1
BC,mouse,7,KDM1A,Kdm1a,2
BC,mouse,7,ASAP1,Asap1,1
BC,mouse,8,CCND2,Ccnd2,1
BC,mouse,8,KDM4A,Kdm4a,1
BC,mouse,8,CDKN1A,Cdkn1a,2
BC,mouse,8,SETDB1,Setdb1,1
BC,mouse,8,SKP2,Skp2,1
BC,mouse,8,CCND3,Ccnd3,1
BC,mouse,8,IVD,Ivd,1
BC,mouse,8,PSMD10,Psmd10,2
BC,mouse,8,HERC2,Herc2,1
BC,mouse,8,CEBPA,Cebpa,4
BC,mouse,8,PPP1CA,Ppp1ca,2
BC,mouse,8,PTK2,Ptk2,1
BC,mouse,8,ETV4,Etv4,1
BC,mouse,8,CDKN2A,Cdkn2a,1
BC,mouse,8,STK11,Stk11,13
BC,mouse,8,CDK4,Cdk4,27
BC,mouse,8,RCAN3,Rcan3,1
BC,mouse,8,MDM2,Mdm2,4
BC,mouse,8,BAP1,Bap1,2
BC,mouse,8,CDKN1B,Cdkn1b,2
BC,mouse,8,CDKN2D,Cdkn2d,1
BC,mouse,8,RB1,Rb1,1
BC,mouse,9,AP3S1,Ap3s1,1
BC,mouse,9,AURKAIP1,Aurkaip1,1
BC,mouse,9,STAU1,Stau1,1
BC,mouse,9,FBXO11,Fbxo11,6
BC,mouse,10,FZR1,Fzr1,1
BC,mouse,10,FRK,Frk,1
BC,mouse,10,RPS9,Rps9,1
BC,mouse,10,PICK1,Pick1,1
BC,mouse,10,DNAJA2,Dnaja2,1
BC,mouse,10,MCM7,Mcm7,1
BC,mouse,10,MAST2,Mast2,1
BC,mouse,10,NUMB,Numb,3
BC,mouse,10,RPL23A,Rpl23a,1
BC,mouse,10,TUFM,Tufm,1
BC,mouse,10,RPS27A,Rps27a,1
BC,mouse,10,TXN,Txn1,2
BC,mouse,10,DSP,Dsp,1
BC,mouse,10,MVP,Mvp,1
BC,mouse,10,TUBB,Tubb5,1
BC,mouse,10,DLG1,Dlg1,1
BC,mouse,10,PARK7,Park7,1
BC,mouse,10,NME1,Nme1,1
BC,mouse,10,CAD,Cad,1
BC,mouse,10,TUBA1B,Tuba1b,1
BC,mouse,10,TUBB4B,Tubb4b,1
BC,mouse,10,NDFIP1,Ndfip1,2
BC,mouse,10,EEF1A2,Eef1a2,1
BC,mouse,11,THOC5,Thoc5,5
BC,mouse,11,THOC1,Thoc1,1
BC,mouse,12,LZTS1,Lzts1,2
BC,mouse,12,KIFC3,Kifc3,1
BC,mouse,12,RAD51B,Rad51b,2
BC,mouse,12,BLM,Blm,3
BC,mouse,12,EEF1G,Eef1g,1
BC,mouse,12,RAD51,Rad51,4
BC,mouse,12,RAD51D,Rad51d,3
BC,mouse,12,RNF138,Rnf138,1
BC,mouse,12,XRCC2,Xrcc2,6
BC,mouse,12,RAD51C,Rad51c,6
BC,mouse,12,XRCC3,Xrcc3,2
BC,mouse,12,HELQ,Helq,1
BC,mouse,13,MAPT,Mapt,2
BC,mouse,13,ITCH,Itch,1
BC,mouse,13,RIN3,Rin3,1
BC,mouse,13,Dnm1,Dnm1,1
BC,mouse,13,MTM1,Mtm1,1
BC,mouse,13,POLR2M,Polr2m,1
BC,mouse,13,SOS1,Sos1,2
BC,mouse,13,BIN1,Bin1,1096
BC,mouse,13,E2F1,E2f1,1
BC,mouse,13,CLIP1,Clip1,3
BC,mouse,13,SNX4,Snx4,2
BC,mouse,13,CDH13,Cdh13,2
BC,mouse,13,CHMP4B,Chmp4b,2
BC,mouse,13,EHBP1L1,Ehbp1l1,1
BC,mouse,14,WWOX,Wwox,1
BC,mouse,14,MUC1,Muc1,1
BC,mouse,14,CHEK2,Chek2,6
BC,mouse,14,TP63,Trp63,1
BC,mouse,14,EP400,Ep400,1
BC,mouse,14,AP1B1,Ap1b1,2
BC,mouse,14,KAT5,Kat5,1
BC,mouse,14,SIAH2,Siah2,1
BC,mouse,14,BID,Bid,1
BC,mouse,14,TELO2,Telo2,1
BC,mouse,14,TCF4,Tcf4,1
BC,mouse,14,BTRC,Btrc,2
BC,mouse,14,TCF3,Tcf3,3
BC,mouse,14,CHUK,Chuk,1
BC,mouse,14,PPP2R1A,Ppp2r1a,1
BC,mouse,14,MAPK14,Mapk14,3
BC,mouse,14,IKBKG,Ikbkg,3
BC,mouse,14,PEX5,Pex5,1
BC,mouse,14,ATM,Atm,33
BC,mouse,14,MED1,Med1,1
BC,mouse,14,TRIB3,Trib3,1
BC,mouse,14,RCHY1,Rchy1,2
BC,mouse,14,RHEB,Rheb,1
BC,mouse,14,STAT3,Stat3,1
BC,mouse,14,TWIST1,Twist1,110
BC,mouse,14,FHL1,Fhl1,1
BC,mouse,14,RRM2B,Rrm2b,2
BC,mouse,14,ATMIN,Atmin,1
BC,mouse,14,PPP1R12A,Ppp1r12a,2
BC,mouse,14,CDX2,Cdx2,2
BC,mouse,14,MAP3K7,Map3k7,1
BC,mouse,15,SC5D,Sc5d,1
BC,mouse,15,GMCL1,Gmcl1,1
BC,mouse,15,HTR3A,Htr3a,1
BC,mouse,15,BSCL2,Bscl2,1
BC,mouse,16,ERCC4,Ercc4,5
BC,mouse,16,ATF2,Atf2,1
BC,mouse,16,PELI1,Peli1,1
BC,mouse,16,HSPA8,Hspa8,3
BC,mouse,16,CHAF1A,Chaf1a,6
BC,mouse,16,REV1,Rev1,1
BC,mouse,16,KIF11,Kif11,1
BC,mouse,16,BRIP1,Brip1,1
BC,mouse,16,ATRX,Atrx,1
BC,mouse,16,MAX,Max,1
BC,mouse,16,UBC,Ubc,6
BC,mouse,16,SLX4,Slx4,1
BC,mouse,16,NBN,Nbn,21
BC,mouse,16,RAD50,Rad50,20
BC,mouse,16,FANCD2,Fancd2,13
BC,mouse,16,TP73,Trp73,1
BC,mouse,16,MLH3,Mlh3,1
BC,mouse,16,TRIM33,Trim33,1
BC,mouse,16,FANCI,Fanci,1
BC,mouse,16,NCL,Ncl,1
BC,mouse,16,MSH6,Msh6,20
BC,mouse,16,DYNLL1,Dynll1,1
BC,mouse,16,ANXA2,Anxa2,1
BC,mouse,16,CDKL5,Cdkl5,1
BC,mouse,16,MSH2,Msh2,12
BC,mouse,16,UHRF1,Uhrf1,2
BC,mouse,16,AP2B1,Ap2b1,1
BC,mouse,16,APEX1,Apex1,1
BC,mouse,16,RBBP8,Rbbp8,4
BC,mouse,16,FAN1,Fan1,3
BC,mouse,16,TRIM29,Trim29,1
BC,mouse,16,ERCC1,Ercc1,1
BC,mouse,16,HDAC6,Hdac6,1
BC,mouse,16,HUWE1,Huwe1,2
BC,mouse,16,PMS2,Pms2,2
BC,mouse,16,RICTOR,Rictor,1
BC,mouse,16,UBR5,Ubr5,1
BC,mouse,16,USP48,Usp48,3
BC,mouse,16,TOPBP1,Topbp1,2
BC,mouse,16,HS1BP3,Hs1bp3,1
BC,mouse,16,VWA5A,"AW551984, Vwa5a",1
BC,mouse,16,ZFAND2B,Zfand2b,1
BC,mouse,16,MLH1,Mlh1,2
BC,mouse,16,ATR,Atr,1
BC,mouse,16,RFC1,Rfc1,3
BC,mouse,16,PPARG,Pparg,1
BC,mouse,16,MUTYH,Mutyh,4
BC,mouse,16,USP7,Usp7,4
BC,mouse,16,PCNA,Pcna,2
BC,mouse,17,SH3GLB2,Sh3glb2,1
BC,mouse,17,HGS,Hgs,2
BC,mouse,17,CHMP5,Chmp5,2
BC,mouse,17,LRSAM1,Lrsam1,1
BC,mouse,17,UBAP1,Ubap1,2
BC,mouse,17,DAXX,Daxx,1
BC,mouse,17,VPS37C,Vps37c,2
BC,mouse,17,PTPN23,Ptpn23,1
BC,mouse,17,VPS37A,Vps37a,2
BC,mouse,17,BCAR1,Bcar1,1
BC,mouse,17,MGRN1,Mgrn1,1
BC,mouse,17,RNF31,Rnf31,1
BC,mouse,17,TSG101,Tsg101,52
BC,mouse,17,ITSN1,Itsn1,2
BC,mouse,17,VPS28,Vps28,2
BC,mouse,17,SNF8,Snf8,2
BC,mouse,17,TNIP1,Tnip1,1
BC,mouse,17,GAS7,Gas7,1
BC,mouse,17,VPS37B,Vps37b,2
BC,mouse,17,SNCA,Snca,1
BC,mouse,17,MVB12B,Mvb12b,1
BC,mouse,18,CENPE,Cenpe,1
BC,mouse,18,DCTN1,Dctn1,1
BC,mouse,18,MDC1,Mdc1,2
BC,mouse,18,BAG2,Bag2,1
BC,mouse,18,KIF23,Kif23,1
BC,mouse,18,KIF14,Kif14,1
BC,mouse,18,TRIM37,Trim37,1
BC,mouse,18,TIMP3,Timp3,1
BC,mouse,18,ARHGEF17,Arhgef17,1
BC,mouse,18,NDEL1,Ndel1,1
BC,mouse,18,PRC1,Prc1,4
BC,mouse,20,PTCH1,Ptch1,2
BC,mouse,20,CACNA2D1,Cacna2d1,8
BC,mouse,20,SEMA6A,Sema6a,1
BC,mouse,21,GNB5,Gnb5,1
BC,mouse,21,GNB3,Gnb3,1
BC,mouse,21,GNA13,Gna13,1
BC,mouse,21,GNB1,Gnb1,1
BC,mouse,21,GNG3,Gng3,8
BC,mouse,21,GNA11,Gna11,1
BC,mouse,21,GNB2,Gnb2,1
BC,yeast,0,DHCR7,ERG4,1
BC,yeast,0,FMNL3,BNI1,1
BC,yeast,0,VRK2,"YCK1, YCK2",2
BC,yeast,0,ACBD5,ACB1,1
BC,yeast,0,MAP2K2,MKK2,1
BC,yeast,0,GORASP2,GRH1,1
BC,yeast,0,MFSD10,SIT1,1
BC,yeast,0,SOAT1,ARE1,1
BC,yeast,0,DIAPH1,BNI1,1
BC,yeast,0,ATP2A2,YPK9,1
BC,yeast,0,DIAPH3,BNI1,1
BC,yeast,0,NUP155,NUP170,1
BC,yeast,0,MAPK8,SLT2,2
BC,yeast,0,INF2,BNI1,1
BC,yeast,0,DDX47,RRP3,1
BC,yeast,0,DIAPH2,BNI1,1
BC,yeast,0,FMN2,BNI1,1
BC,yeast,0,DAAM1,BNI1,1
BC,yeast,1,MAP3K3,MKK2,1
BC,yeast,1,MNAT1,TFB3,1
BC,yeast,1,RPS7,RPS7A,1
BC,yeast,1,RPSA,RPS0A,1
BC,yeast,1,PDS5B,PDS5,2
BC,yeast,1,PRKAA2,KIN2,1
BC,yeast,1,MAPK1,SLT2,2
BC,yeast,1,BRAP,ETP1,1
BC,yeast,1,SUPT16H,SPT16,1
BC,yeast,1,PIAS4,"NFI1, SIZ1",2
BC,yeast,1,CAP1,SRV2,1
BC,yeast,1,GATA3,GZF3,1
BC,yeast,1,OLA1,OLA1,1
BC,yeast,1,SETX,"DNA2, SEN1",1
BC,yeast,1,PPP6R3,SAP155,1
BC,yeast,1,BUB1B,BUB1,1
BC,yeast,1,DMC1,DMC1,1
BC,yeast,1,RBBP4,RAD28,1
BC,yeast,1,RUVBL2,RVB2,2
BC,yeast,1,IPO5,PSE1,1
BC,yeast,1,EBNA1BP2,EBP2,1
BC,yeast,1,MAPK3,SLT2,2
BC,yeast,1,RPL3,RPL3,1
BC,yeast,1,CSNK1D,"YCK1, YCK2",2
BC,yeast,1,ASH2L,BRE2,1
BC,yeast,1,DYNC1H1,DYN1,2
BC,yeast,2,TAF9,TAF9,1
BC,yeast,2,HCFC1,KEL1,1
BC,yeast,2,ERCC3,SSL2,1
BC,yeast,2,TXNIP,ALY2,1
BC,yeast,2,UBB,UBI4,5
BC,yeast,2,ERCC8,RAD28,1
BC,yeast,2,PPIB,CPR1,1
BC,yeast,2,NLK,SLT2,2
BC,yeast,2,MAPK7,SLT2,2
BC,yeast,2,KDM4D,JHD2,6
BC,yeast,2,PIAS2,"NFI1, SIZ1",2
BC,yeast,2,GYS2,GSY2,1
BC,yeast,2,RPL26,RPL26A,1
BC,yeast,2,RPL5,RPL5,1
BC,yeast,2,FBXO42,KEL1,1
BC,yeast,2,MYL6B,MLC1,2
BC,yeast,2,NUAK1,KIN2,1
BC,yeast,2,YEATS2,TAF14,2
BC,yeast,2,ERCC2,RAD3,1
BC,yeast,2,KAT6A,ESA1,1
BC,yeast,2,PSMC4,RPT3,1
BC,yeast,2,HSF1,HSF1,1
BC,yeast,2,HNRNPK,HEK2,4
BC,yeast,2,ZMIZ1,"NFI1, SIZ1",2
BC,yeast,2,RPS17,RPS17A,1
BC,yeast,2,PC,PYC2,1
BC,yeast,2,RPS2,RPS2,1
BC,yeast,2,RPL19,RPL19B,1
BC,yeast,2,VRK3,"YCK1, YCK2",2
BC,yeast,3,GGA2,"HSE1, VPS27",1
BC,yeast,3,WDR6,RTT10,1
BC,yeast,3,UTP15,UTP15,1
BC,yeast,3,HSPA9,ECM10,1
BC,yeast,3,SH2D1A,INP53,1
BC,yeast,3,PFKP,PFK2,1
BC,yeast,3,HSP90B1,"HSC82, HSP82",3
BC,yeast,3,GGA3,"HSE1, VPS27",1
BC,yeast,3,GAPDH,TDH2,1
BC,yeast,3,PFKL,PFK2,1
BC,yeast,3,EXOC7,EXO70,1
BC,yeast,3,GBF1,GEA2,1
BC,yeast,3,MON2,GEA2,1
BC,yeast,3,INPPL1,INP53,1
BC,yeast,3,RIOK1,RIO1,3
BC,yeast,3,MAPK9,SLT2,2
BC,yeast,3,HIP1,SLA2,1
BC,yeast,3,SDF2L1,PMT1,1
BC,yeast,3,HSP90AA1,"HSC82, HSP82",3
BC,yeast,3,TIMM50,TIM50,1
BC,yeast,4,KPNA1,SRP1,1
BC,yeast,4,PIAS1,"NFI1, SIZ1",2
BC,yeast,4,PRMT1,HMT1,2
BC,yeast,5,SLC22A9,PHO84,1
BC,yeast,5,SEC61A1,SEC61,11
BC,yeast,5,LMAN1,EMP47,1
BC,yeast,5,ATG9A,ATG9,1
BC,yeast,5,TFRC,"TRE1, TRE2, VPS70",10
BC,yeast,5,TPTE,TEP1,9
BC,yeast,5,DDX54,DBP10,2
BC,yeast,5,GABARAP,ATG8,1
BC,yeast,5,SGTA,SGT1,1
BC,yeast,6,PPP1CC,PPZ1,1
BC,yeast,6,KDM5A,JHD2,6
BC,yeast,6,SRPK2,SLT2,2
BC,yeast,6,PSMC5,RPT6,1
BC,yeast,6,SRPK1,SLT2,2
BC,yeast,6,TBL1XR1,SIF2,1
BC,yeast,6,RPL9,RPL9B,1
BC,yeast,6,HIP1R,SLA2,1
BC,yeast,6,POLR2C,RPB3,4
BC,yeast,6,WDR77,RAD28,1
BC,yeast,6,TRPS1,GZF3,1
BC,yeast,6,NSF,SEC18,1
BC,yeast,6,DNTTIP2,FCF2,1
BC,yeast,6,POLR2I,RPB9,1
BC,yeast,6,TOM1,"HSE1, VPS27",1
BC,yeast,6,MYL6,MLC1,2
BC,yeast,6,ACTB,ACT1,3
BC,yeast,6,KDM4B,JHD2,6
BC,yeast,6,UPF1,NAM7,1
BC,yeast,6,NCAPD2,YCS4,1
BC,yeast,6,EIF5A,HYP2,1
BC,yeast,6,PA2G4,MAP2,1
BC,yeast,6,POLR2K,RPC10,1
BC,yeast,6,SIRT1,SIR2,1
BC,yeast,6,MGMT,MGT1,1
BC,yeast,6,CCT7,CCT7,1
BC,yeast,6,TBL1X,SIF2,1
BC,yeast,6,EIF3F,RPN8,1
BC,yeast,6,PTGES3,SBA1,1
BC,yeast,6,CARM1,HMT1,2
BC,yeast,6,PRMT5,HSL7,1
BC,yeast,6,CNBP,GIS2,1
BC,yeast,6,KDM5B,JHD2,6
BC,yeast,7,MAPRE1,BIM1,1
BC,yeast,7,XPO1,CRM1,3
BC,yeast,7,IDH2,IDP1,1
BC,yeast,7,MAPRE2,BIM1,1
BC,yeast,7,UNC45A,SGT1,1
BC,yeast,7,CSNK1A1,"YCK1, YCK2",2
BC,yeast,7,CSNK1E,"YCK1, YCK2",2
BC,yeast,7,RAD17,RAD24,1
BC,yeast,7,BUB1,BUB1,1
BC,yeast,8,KDM4A,JHD2,6
BC,yeast,8,PRKAA1,KIN2,1
BC,yeast,8,PPP1CA,PPZ1,1
BC,yeast,8,HSP90AB1,"HSC82, HSP82",3
BC,yeast,8,FBXO8,GEA2,1
BC,yeast,9,COPS6,RPN8,1
BC,yeast,10,RPS9,RPS9A,1
BC,yeast,10,RPL14,RPL14A,1
BC,yeast,10,PTEN,TEP1,9
BC,yeast,10,POLDIP2,SMI1,1
BC,yeast,10,IDE,STE23,1
BC,yeast,10,RPS3,RPS3,2
BC,yeast,10,RPS13,RPS13,1
BC,yeast,10,RPS15A,RPS22A,1
BC,yeast,10,UBE2I,UBC9,1
BC,yeast,10,RPL13,RPL13B,1
BC,yeast,10,TUBB4B,TUB2,1
BC,yeast,10,RPL31,RPL31A,1
BC,yeast,10,NDFIP1,BSD2,1
BC,yeast,11,PPIL1,CPR1,1
BC,yeast,11,LIG4,DNL4,1
BC,yeast,12,BLM,SGS1,5
BC,yeast,12,EEF1G,CAM1,1
BC,yeast,12,RAD51,RAD51,1
BC,yeast,13,AMPH,"LSB1, PIN3, RVS167",251
BC,yeast,13,BIN2,"LSB1, PIN3, RVS167",251
BC,yeast,13,BIN1,"LSB1, PIN3, RVS167",251
BC,yeast,13,EEF2,EFT2,2
BC,yeast,13,NCAPD3,YCS4,1
BC,yeast,14,CHEK2,DUN1,78
BC,yeast,14,PPIA,CPR1,1
BC,yeast,14,KAT5,ESA1,1
BC,yeast,14,RSF1,ESA1,1
BC,yeast,14,RAD23A,RAD23,1
BC,yeast,14,MAPK14,SLT2,2
BC,yeast,14,SMARCB1,SNF5,1
BC,yeast,14,RBBP7,RAD28,1
BC,yeast,14,RRM2B,RNR2,1
BC,yeast,14,XRCC5,YKU80,1
BC,yeast,15,ZDHHC17,AKR1,1
BC,yeast,16,ERCC4,RAD1,51
BC,yeast,16,TPT1,TMA19,1
BC,yeast,16,MSH3,MSH3,5
BC,yeast,16,REV1,REV1,1
BC,yeast,16,RPA4,RFA2,1
BC,yeast,16,RAD52,RAD52,1
BC,yeast,16,KIF11,CIN8,1
BC,yeast,16,SNW1,PRP45,1
BC,yeast,16,PLK1,CDC5,2
BC,yeast,16,RAD50,RAD50,64
BC,yeast,16,VRK1,"YCK1, YCK2",2
BC,yeast,16,WDR76,CMR1,2
BC,yeast,16,MUS81,MUS81,2
BC,yeast,16,MAPKAP1,AVO1,1
BC,yeast,16,MLH3,MLH3,189
BC,yeast,16,EXO1,EXO1,4
BC,yeast,16,MSH6,MSH6,56
BC,yeast,16,MSH2,MSH2,67
BC,yeast,16,RAD1,RAD17,1
BC,yeast,16,MMS19,MET18,2
BC,yeast,16,ERCC1,RAD10,2
BC,yeast,16,HDAC6,HDA1,1
BC,yeast,16,HUWE1,TOM1,1
BC,yeast,16,PMS2,PMS1,15
BC,yeast,16,RICTOR,TSC11,1
BC,yeast,16,ACTG1,ACT1,3
BC,yeast,16,RAD18,RAD18,1
BC,yeast,16,MSH4,MSH4,2
BC,yeast,16,RPA1,RFA1,6
BC,yeast,16,MLH1,MLH1,41
BC,yeast,16,SMARCAD1,FUN30,1
BC,yeast,16,CDK9,SGV1,1
BC,yeast,16,XPA,RAD14,2
BC,yeast,16,USP7,UBP14,1
BC,yeast,16,MSH5,MSH5,3
BC,yeast,16,PCNA,POL30,5
BC,yeast,17,VPS36,VPS36,1
BC,yeast,17,ALG2,ALG2,1
BC,yeast,17,ARRDC1,ALY2,1
BC,yeast,17,DMAP1,SWC4,1
BC,yeast,17,TSG101,STP22,59
BC,yeast,17,VPS28,VPS28,1
BC,yeast,17,STAM2,"HSE1, VPS27",1
BC,yeast,17,TOM1L1,"HSE1, VPS27",1
BC,yeast,18,PRC1,ASE1,34
BC,yeast,18,CDK1,CDC28,3
BC,yeast,20,LMAN2L,EMP47,1
BC,fly,0,ECT2,pbl,1
BC,fly,0,ITGA2,"if, scb",1
BC,fly,0,ABCA1,CG8908,1
BC,fly,0,PARD3,baz,1
BC,fly,0,RPN2,OstDelta,1
BC,fly,0,CIT,sti,1
BC,fly,0,PKN2,Pkn,1
BC,fly,0,ITGA5,"if, scb",1
BC,fly,0,RHOA,Rho1,24
BC,fly,0,ARHGDIA,RhoGDI,1
BC,fly,0,JPH1,jp,1
BC,fly,0,GTPBP4,Non1,1
BC,fly,0,ARHGDIG,RhoGDI,1
BC,fly,0,NR1H2,"EcR, Hr96",6
BC,fly,0,ARHGEF2,RhoGEF2,1
BC,fly,0,ITGB1,mys,2
BC,fly,0,PKN3,Pkn,1
BC,fly,0,PKN1,Pkn,1
BC,fly,0,TMX1,ERp60,1
BC,fly,0,ITGA1,"if, scb",1
BC,fly,0,DIAPH2,dia,2
BC,fly,0,AKAP1,spoon,1
BC,fly,0,EHD2,Dap160,1
BC,fly,0,ATAD3A,bor,1
BC,fly,0,TRRAP,Nipped-A,1
BC,fly,1,AIMP1,AIMP1,1
BC,fly,1,NR5A1,Hr39,1
BC,fly,1,PGR,ERR,22
BC,fly,1,NUMA1,GCC185,1
BC,fly,1,RPSA,sta,1
BC,fly,1,KHSRP,Imp,1
BC,fly,1,RBL1,Rbf,1
BC,fly,1,PRKAA2,AMPKalpha,1
BC,fly,1,BARD1,CG7457,3
BC,fly,1,PIAS4,Su(var)2-10,1
BC,fly,1,CAP1,capt,1
BC,fly,1,NR1H3,"EcR, Hr96",6
BC,fly,1,CLK2,Doa,1
BC,fly,1,ROCK2,Rok,1
BC,fly,1,SMC3,SMC3,1
BC,fly,1,HSPB8,"Hsp23, Hsp26",1
BC,fly,1,ABLIM3,Unc-115a,2
BC,fly,2,ERCC3,hay,1
BC,fly,2,HIPK2,mnb,2
BC,fly,2,UBB,CG11700,1
BC,fly,2,PIAS2,Su(var)2-10,1
BC,fly,2,ING4,CG7379,1
BC,fly,2,RAD54L2,CG4049,1
BC,fly,2,ARID3B,retn,1
BC,fly,2,ARID3A,retn,1
BC,fly,2,BRD3,tbrd-1,1
BC,fly,2,SYVN1,sip3,2
BC,fly,2,TSPY1,Nap1,1
BC,fly,2,COPB1,betaCOP,1
BC,fly,2,TFIP11,sip1,1
BC,fly,2,NR1I2,"EcR, Hr96",6
BC,fly,2,PRPF8,Prp8,1
BC,fly,2,HNRNPL,sm,1
BC,fly,2,SSRP1,Hmg-2,1
BC,fly,2,ASPM,asp,1
BC,fly,2,TOPORS,Topors,1
BC,fly,2,FUBP1,Imp,1
BC,fly,2,AIMP2,AIMP2,1
BC,fly,2,DZIP3,sip3,2
BC,fly,2,HSF1,Hsf,1
BC,fly,2,SENP3,Ulp1,1
BC,fly,2,ING1,CG7379,1
BC,fly,2,CCT8,CCT8,1
BC,fly,2,SEC31A,Sec31,1
BC,fly,2,IGF2BP3,Imp,1
BC,fly,2,HEY1,E(spl)m3-HLH,1
BC,fly,2,HIPK1,mnb,2
BC,fly,2,TP53,p53,171
BC,fly,2,CCT3,CCT3,1
BC,fly,2,LRPPRC,bsf,1
BC,fly,2,CRYAB,"Hsp23, Hsp26",1
BC,fly,2,HTT,htt,1
BC,fly,2,SOX4,Sox102F,1
BC,fly,3,HSPA5,Hsc70-3,2
BC,fly,3,EIF4G2,NAT1,1
BC,fly,3,ARHGEF1,RhoGEF2,1
BC,fly,3,PIK3CB,Pi3K68D,66
BC,fly,3,MAP3K12,wnd,1
BC,fly,3,SH2D1A,CG9784,1
BC,fly,3,DOK3,Dok,1
BC,fly,3,FRS2,Dok,1
BC,fly,3,HSP90B1,Gp93,1
BC,fly,3,CAND2,Cand1,1
BC,fly,3,SPSB1,gus,1
BC,fly,3,CADM1,Fas3,7
BC,fly,3,GRIN2B,"GluRIID, Ir68a",1
BC,fly,3,PIK3CA,Pi3K68D,66
BC,fly,3,RET,Ret,4
BC,fly,3,PCBP1,Imp,1
BC,fly,3,ITSN2,Dap160,1
BC,fly,3,PTK7,otk,1
BC,fly,3,DGKZ,rdgA,1
BC,fly,3,WNT2,"Wnt10, Wnt2, Wnt5",8
BC,fly,3,DOK1,Dok,1
BC,fly,3,MPP3,vari,1
BC,fly,3,NLGN3,Glt,1
BC,fly,3,DOK5,Dok,1
BC,fly,3,EPS15,Dap160,1
BC,fly,3,CD109,"Tep2, Tep4",3
BC,fly,3,ITGB2,mys,2
BC,fly,3,SMC2,SMC2,1
BC,fly,3,EPB41L3,cora,1
BC,fly,3,PIK3C2B,Pi3K68D,66
BC,fly,3,IPO7,msk,1
BC,fly,3,PRKCA,Pkn,1
BC,fly,3,GFRA1,Gfrl,1
BC,fly,4,DOCK4,Ziz,1
BC,fly,4,PRKCE,Pkn,1
BC,fly,4,VDR,"EcR, Hr96",6
BC,fly,4,PIAS1,Su(var)2-10,1
BC,fly,5,SPTBN1,beta-Spec,1
BC,fly,5,RHOB,Rho1,24
BC,fly,5,RAB5C,Rab5,1
BC,fly,5,CKAP4,SMC3,1
BC,fly,5,ABCC1,MRP,2
BC,fly,5,ANKRD13A,CG15118,1
BC,fly,5,CLTC,Chc,1
BC,fly,5,RPN1,CG33303,1
BC,fly,5,RHOC,Rho1,24
BC,fly,6,ISL1,tup,1
BC,fly,6,NR2C1,Hr78,3
BC,fly,6,EPAS1,sima,2
BC,fly,6,PSMC5,Rpt6,1
BC,fly,6,RNF111,CG6923,1
BC,fly,6,ESRRA,ERR,22
BC,fly,6,RXRA,Hr78,3
BC,fly,6,CCT5,CCT5,1
BC,fly,6,CTBP2,CtBP,1
BC,fly,6,NSF,comt,1
BC,fly,6,NR2F6,Hr78,3
BC,fly,6,NR2C2,Hr78,3
BC,fly,6,TSPYL1,Nap1,1
BC,fly,6,ESR1,ERR,22
BC,fly,6,BRD8,Brd8,1
BC,fly,6,NR2F2,Hr78,3
BC,fly,6,GTF2H1,Tfb1,1
BC,fly,6,FTSJ3,CG8939,1
BC,fly,6,CCT7,CCT7,1
BC,fly,6,CARM1,Art4,1
BC,fly,6,RRP12,CG2691,1
BC,fly,6,BCAS2,BCAS2,1
BC,fly,6,P4HB,ERp60,1
BC,fly,6,CNBP,CNBP,1
BC,fly,6,PDIA6,CaBP1,1
BC,fly,6,THRB,Hr96,6
BC,fly,6,MEN1,Mnn1,1
BC,fly,6,HDLBP,Dp1,1
BC,fly,7,YWHAB,14-3-3zeta,2
BC,fly,7,YWHAQ,14-3-3zeta,2
BC,fly,7,TLN1,rhea,1
BC,fly,7,ANLN,scra,1
BC,fly,7,Apc2,"Apc, Apc2",819
BC,fly,7,APC,"Apc, Apc2",819
BC,fly,7,JUP,arm,2
BC,fly,7,ACTN1,Actn,1
BC,fly,7,SFN,14-3-3zeta,2
BC,fly,7,YWHAZ,14-3-3zeta,2
BC,fly,7,CFTR,MRP,2
BC,fly,7,KIFAP3,Kap3,2
BC,fly,8,TNKS,Tnks,1
BC,fly,8,GFER,Alr,1
BC,fly,8,PPP1CA,Pp1-87B,1
BC,fly,8,RBL2,Rbf,1
BC,fly,8,PPP2R1B,Pp2A-29B,1
BC,fly,8,MYOD1,nau,1
BC,fly,8,TNKS2,Tnks,1
BC,fly,8,RB1,Rbf,1
BC,fly,9,STAU1,Zn72D,1
BC,fly,9,ZNF785,CG1602,1
BC,fly,9,HSPB6,Hsp27,1
BC,fly,9,CTBP1,CtBP,1
BC,fly,10,CCT4,CCT4,1
BC,fly,10,PICK1,PICK1,1
BC,fly,10,CCT2,CCT2,1
BC,fly,10,SSR4,Tapdelta,1
BC,fly,10,MCRS1,Rcd5,1
BC,fly,10,GPC1,dlp,4
BC,fly,10,PTEN,Pten,62
BC,fly,10,RPS15A,RpS15Aa,1
BC,fly,10,UBE2I,lwr,4
BC,fly,10,CAD,r,1
BC,fly,10,TUBB4B,betaTub56D,1
BC,fly,10,MPRIP,osp,1
BC,fly,11,NCBP1,Cbp80,1
BC,fly,11,THOC3,tex,1
BC,fly,11,THOC2,tho2,1
BC,fly,11,THOC5,thoc5,25
BC,fly,11,THOC7,thoc7,1
BC,fly,11,THOC1,Hpr1,1
BC,fly,12,LZTS1,CG15365,15
BC,fly,12,LZTS2,CG15365,15
BC,fly,12,DYRK1A,mnb,2
BC,fly,12,RAD51,spn-A,2
BC,fly,12,RAD51C,spn-D,2
BC,fly,12,XRCC3,spn-B,1
BC,fly,13,AMPH,Amph,18
BC,fly,13,BIN2,Amph,18
BC,fly,13,IGF2BP1,Imp,1
BC,fly,13,MTM1,"CG14411, Sbf, mtm",1
BC,fly,13,BIN1,Amph,18
BC,fly,13,EHBP1L1,Ehbp1,1
BC,fly,14,CHEK2,lok,11
BC,fly,14,TP63,p53,171
BC,fly,14,SIAH2,sina,1
BC,fly,14,RELA,dl,1
BC,fly,14,VCP,TER94,1
BC,fly,14,TCF4,da,5
BC,fly,14,YY1,pho,1
BC,fly,14,TCF3,da,5
BC,fly,14,GINS2,Psf2,1
BC,fly,14,PPP2R1A,Pp2A-29B,1
BC,fly,14,NFKB1,dl,1
BC,fly,14,MAPK14,p38b,1
BC,fly,14,SMARCB1,Snr1,1
BC,fly,14,PEX5,Pex5,1
BC,fly,14,ZRANB1,trbd,2
BC,fly,14,TWIST1,"CG33557, Fer3, HLH54F, Hand, twi",27
BC,fly,14,HDAC2,HDAC1,1
BC,fly,15,CANX,Cnx99A,1
BC,fly,15,B4GAT1,CG15483,1
BC,fly,15,USE1,Use1,1
BC,fly,15,GMCL1,gcl,1
BC,fly,15,ATAD1,Kat60,1
BC,fly,15,BSCL2,Seipin,9
BC,fly,16,ERCC4,mei-9,3
BC,fly,16,MYOG,nau,1
BC,fly,16,TPT1,Tctp,2
BC,fly,16,RPA4,RPA2,1
BC,fly,16,ILF3,Zn72D,1
BC,fly,16,HIF1A,sima,2
BC,fly,16,NBN,nbs,9
BC,fly,16,RAD50,rad50,17
BC,fly,16,TP73,p53,171
BC,fly,16,MAF1,Maf1,1
BC,fly,16,PHRF1,CG2926,2
BC,fly,16,SPTAN1,alpha-Spec,3
BC,fly,16,MSH6,Msh6,4
BC,fly,16,MSH2,spel1,6
BC,fly,16,TULP2,ktub,1
BC,fly,16,ESR2,ERR,22
BC,fly,16,HNF4A,Hr78,3
BC,fly,16,PRKCZ,Pkn,1
BC,fly,16,ERCC1,Ercc1,1
BC,fly,16,PMS2,Pms2,49
BC,fly,16,CDC5L,Cdc5,1
BC,fly,16,DOCK5,Ziz,1
BC,fly,16,RPA1,RPA1,1
BC,fly,16,MLH1,Mlh1,33
BC,fly,16,RFC1,Gnf1,1
BC,fly,16,PPARG,"EcR, Hr96",6
BC,fly,16,FRMD6,cora,1
BC,fly,17,NR3C1,ERR,22
BC,fly,17,AR,ERR,22
BC,fly,17,HGS,Hrs,1
BC,fly,17,ROCK1,Rok,1
BC,fly,17,VPS37C,Vps37B,1
BC,fly,17,TSG101,TSG101,40
BC,fly,17,ITSN1,Dap160,1
BC,fly,17,VPS28,Vps28,1
BC,fly,17,VPS37D,Vps37B,1
BC,fly,17,VPS37B,Vps37B,1
BC,fly,18,TIMP3,Timp,1
BC,fly,18,TIMP2,Timp,1
BC,fly,20,PTCH1,"Ptr, disp, ptc",124
BC,fly,20,CACNA2D1,stj,1
BC,fly,20,ABCA2,CG8908,1
BC,fly,20,ITGA7,"if, scb",1
BC,fly,20,SMO,smo,1
BC,fly,20,PLXNB2,PlexB,1
BC,fly,20,ITGA6,"if, scb",1
BC,fly,20,WWP1,Su(dx),1
BC,fly,20,ITGA4,"if, scb",1
BC,fly,20,ITGAV,"if, scb",1
BC,fly,20,MUCL1,CG13965,1
BC,fly,20,ARSK,CG30059,1
BC,fly,20,CACNA2D2,stj,1
BC,fly,20,SULF2,CG30059,1
